company_id,T00,T01,T02,T03,T04,T05,T06,T07,T08,T09,T10,T11,T12,T13,T14,T15,T16,T17,T18,T19
3,0.0003424657574670699,0.00034246576251150394,0.6384361376988659,0.0003424657586906705,0.0003424657626577911,0.00034246576140568413,0.00034246575722644845,0.0003424657604763934,0.0003424657587246057,0.00034246575758783537,0.0003424657592765238,0.0003424657611077788,0.00034246576080532154,0.3553994786207419,0.0003424657627998207,0.00034246576107021,0.0003424657589247589,0.0003424657582837657,0.00034246576070482343,0.00034246576067124596
10,0.00020491803493345747,0.0002049180376681731,0.00020491803610810338,0.0002049180361631175,0.005528302738645911,0.00020491803786050586,0.00020491803590148735,0.1651655898209944,0.00020491803456080323,0.00020491803642577416,0.0002049180371247401,0.00020491803771169445,0.00020491803732953265,0.00020491803685053635,0.00020491803468234668,0.00020491803803293285,0.0002049180359990959,0.7379809810550253,0.08804643780177812,0.00020491803620396724
33,0.00019920319034835772,0.9962151393700303,0.00019920318955133376,0.00019920319005065537,0.0001992031915186546,0.00019920319196918058,0.00019920319489253642,0.00019920319214640015,0.0001992031908189324,0.00019920318983740126,0.00019920319247119793,0.00019920319253431532,0.0001992031909779152,0.00019920319063534365,0.00019920318983765434,0.00019920318952594424,0.00019920318899612445,0.00019920319170493926,0.00019920319083831752,0.0001992031913145762
34,0.00012019230937543726,0.00012019231057591296,0.00012019230874828516,0.00012019230910758706,0.9872675157964746,0.00012019230969836563,0.00012019231058482849,0.00012019230966774004,0.00012019230995771255,0.0001201923104179914,0.00012019230940850212,0.00012019231013498971,0.00012019230973125631,0.00012019230959111094,0.00012019230849208374,0.00012019230909186975,0.00012019230959629252,0.005059349738153712,0.0001201923096737575,0.005629865201517909
49,0.00017241379606092947,0.0001724137949542159,0.0001724137937337376,0.0001724137940018415,0.00017241379455639564,0.00017241379483051207,0.0001724137938779231,0.0001724137952638033,0.00017241379416120482,0.00017241379434517864,0.0001724137941638705,0.0001724137941802208,0.00017241379437833875,0.00017241379494852845,0.00017241379374796322,0.00017241379425574123,0.00017241379447081986,0.00017241379451904558,0.00017241379432935598,0.9967241379052204
58,0.00010351966966175188,0.00010351967235986078,0.0001035196698432662,0.00010351967052709948,0.00010351967112322943,0.0001035196709163763,0.0001035196704141032,0.00010351967111019327,0.0001035196703606607,0.00010351967004148738,0.00010351967095974424,0.00010351967127539732,0.00010351967031281027,0.00010351967050865234,0.00010351966931365965,0.00010351966994469596,0.00010351967039877307,0.9980331262591865,0.00010351967021027425,0.00010351967153155416
63,0.00025906735912243684,0.00025906736140102784,0.00025906736232959317,0.00025906736467563217,0.46910806917801146,0.0002590673621769921,0.000259067361226915,0.0002590673620751215,0.0002590673606251947,0.0002590673611937488,0.0002590673632881792,0.0002590673614334045,0.00025906736118156125,0.0002590673611157159,0.0002590673602082303,0.0002590673619862148,0.0002590673615320638,0.0002590673622952844,0.00025906736295700135,0.5262287183111642
66,0.00022624434473217603,0.00022624434573320073,0.00022624434514452712,0.00022624434516346734,0.00022624434617591824,0.00022624434572782398,0.0002262443452944652,0.0002262443455386958,0.0002262443452288591,0.00022624434499060023,0.00022624434626493227,0.00022624434621767447,0.00022624434614224663,0.00022624434640001114,0.00022624434463967719,0.9957013574330392,0.0002262443453955898,0.0002262443468034057,0.00022624434610038087,0.00022624434526718896
77,0.00030864197860166776,0.0003086419829438155,0.00030864197756729286,0.000308641981030288,0.2555185202062103,0.09735438049759208,0.00030864197919460524,0.16321626350364377,0.0003086419788011591,0.00030864198165078075,0.16913562574163107,0.12565507382039318,0.00030864198243395354,0.18479914849356394,0.0003086419837459778,0.00030864198250062314,0.00030864198030338124,0.00030864198245630627,0.0003086419834794024,0.0003086419822562648
81,7.51879710299773e-05,7.51879714989549e-05,7.518797055689127e-05,7.518797083472835e-05,7.51879715598873e-05,7.518797121008242e-05,7.51879709405788e-05,0.09184837502791422,7.518797088302709e-05,7.518797087158336e-05,0.9067982414938621,7.518797097975108e-05,7.51879712117321e-05,7.518797096033359e-05,7.518797036898464e-05,7.518797079291764e-05,7.518797070728508e-05,7.518797125344754e-05,7.518797106107211e-05,7.51879715023742e-05
82,9.27643795186748e-05,9.27643797632003e-05,9.276437913130271e-05,9.276437931887076e-05,9.27643798372372e-05,9.276437974069751e-05,9.27643794709375e-05,9.276437976436086e-05,9.276437953865573e-05,9.276437945259949e-05,9.276437967346345e-05,0.9982374767888764,9.276437956467005e-05,9.276437941939871e-05,9.27643791476402e-05,9.276437948070314e-05,9.276437916780381e-05,9.276437966598631e-05,9.27643797933082e-05,9.276437967368066e-05
97,0.0001133786860741188,0.0001133786872266856,0.00011337868661818001,0.00011337868622485313,0.00011337868724415617,0.00011337868687079822,0.00011337868715792703,0.00011337868692792067,0.00011337868666822002,0.00011337868651213551,0.00011337868651745334,0.00011337868656493587,0.00011337868724399206,0.3192559209916845,0.0001133786853622527,0.00011337868569197145,0.00011337868632190523,0.6787032626491954,0.00011337868669080801,0.0001133786872017011
101,0.000324675330800677,0.00032467532938326,0.0003246753297833446,0.0003246753296387609,0.00032467532732797805,0.0003246753296465639,0.00032467533021623236,0.00032467532716737546,0.00032467533047150955,0.0003246753290730655,0.00032467532754649526,0.0003246753260687829,0.00032467533212937957,0.00032467533232575504,0.0003246753253361949,0.00032467532723483614,0.00032467532913554035,0.10701859473275217,0.0003246753301649343,0.8871372493437972
102,0.9786083529224838,8.237232360426283e-05,8.237232341366553e-05,8.237232354248247e-05,8.237232371435956e-05,0.019908945253120768,8.237232357118138e-05,8.237232362986663e-05,8.23723234590219e-05,8.237232331870886e-05,8.237232388633999e-05,8.237232339607366e-05,8.237232354877956e-05,8.237232384587582e-05,8.23723231137128e-05,8.237232369643128e-05,8.237232335313488e-05,8.237232387464516e-05,8.237232388271965e-05,8.237232354393615e-05
112,0.0007575757824731516,0.0007575757750007488,0.0007575757642801478,0.0007575757704459139,0.0007575757765083596,0.23784712373948,0.0007575757665078394,0.0007575757721725025,0.0007575757659983302,0.000757575764465663,0.0007575757687261698,0.0007575757655662605,0.0007575757742200939,0.000757575774120874,0.0007575757637166154,0.0007575757733820521,0.7485165123878688,0.0007575757670086742,0.0007575757728920013,0.0007575757751658839
113,7.320644300231324e-05,7.320644376485122e-05,7.320644296848252e-05,7.320644308332588e-05,0.13526963805311534,7.32064436113415e-05,7.320644370598237e-05,0.07047953029149906,0.38611499688849316,7.320644342349313e-05,7.320644390098719e-05,0.28972627591104627,7.320644380607032e-05,7.320644341719675e-05,7.320644333163798e-05,7.320644306787487e-05,7.320644328085356e-05,0.11731146220390147,7.320644370188515e-05,7.320644387845776e-05
121,0.00020325203383091473,0.0002032520354493068,0.0002032520330593756,0.9961382113494044,0.0002032520343666276,0.00020325203493968253,0.00020325203351076956,0.00020325203414369377,0.000203252034486017,0.00020325203401258597,0.00020325203464143833,0.00020325203433612293,0.0002032520342965477,0.00020325203408756015,0.00020325203294967002,0.00020325203494241093,0.00020325203425648424,0.0002032520344001359,0.00020325203455854416,0.00020325203432769407
123,9.803921647386202e-05,9.803921668907349e-05,9.803921621588203e-05,9.803921625940702e-05,9.803921667607496e-05,9.803921686978945e-05,9.803921650336766e-05,0.9981372548849884,9.803921636921753e-05,9.803921653152549e-05,9.803921695643353e-05,9.803921663150367e-05,9.803921676949004e-05,9.803921665882679e-05,9.80392163041484e-05,9.8039216717253e-05,9.803921639516362e-05,9.803921656157794e-05,9.803921670079849e-05,9.803921672806571e-05
134,0.00011441647721384163,0.0001144164786866482,0.00011441647839955982,0.00011441647746747633,0.009347415221805466,0.6298632834957449,0.00011441647882897649,0.122602875665161,0.00011441647716572262,0.0001144164783998393,0.00011441647852668315,0.00011441647850483403,0.00011441647827521266,0.00011441647795484656,0.00011441647712966814,0.0001144164780122164,0.00011441647845635704,0.1690648537780896,0.06740532466788943,0.00011441647828777425
146,0.00036764706261045965,0.0003676470627213452,0.0003676470597566664,0.00036764706163823794,0.00036764706499109863,0.0003676470644948541,0.0003676470635061109,0.9930147058031783,0.0003676470626392297,0.00036764706118934154,0.0003676470629232099,0.0003676470674196442,0.00036764706193738916,0.0003676470623902072,0.0003676470624767265,0.00036764706116196126,0.0003676470620038242,0.0003676470630051782,0.0003676470641305209,0.00036764706582568065
169,0.001086956532719967,0.001086956541327183,0.0010869565573820602,0.0010869565430765295,0.13578600468038726,0.001086956538509626,0.001086956547456184,0.03151324181250854,0.0010869565409685252,0.001086956546609262,0.0010869565597905622,0.0010869565351504435,0.0010869565275943166,0.0010869565355809835,0.0010869565254521415,0.0010869565454580594,0.0010869565302344094,0.1644723434608827,0.0010869565446016646,0.6508371053943096
175,0.00011627907094119399,0.00011627907168955214,0.0001162790712939972,0.00011627907222727358,0.00011627907178722299,0.00011627907128680907,0.00011627907146222033,0.00011627907138881194,0.00011627907167442305,0.00011627907082716549,0.00011627907146554781,0.00011627907093327667,0.00011627907226326024,0.9977906976082525,0.00011627907012264638,0.00011627907062305016,0.0001162790711169577,0.00011627907235308366,0.00011627910672266707,0.00011627907156844353
187,0.0003333333346991938,0.00033333333509568373,0.9936666666292946,0.00033333333552335677,0.0003333333359743492,0.00033333333504786966,0.0003333333351612776,0.00033333333687086785,0.00033333333470456853,0.00033333333630266687,0.00033333333583268463,0.0003333333347833779,0.000333333335198778,0.00033333333493161467,0.00033333333416797877,0.0003333333341439065,0.0003333333345732632,0.0003333333356882574,0.0003333333363190909,0.00033333333568675606
209,0.000555555565094296,0.0005555555617201132,0.0005555555600057448,0.0005555555628412494,0.0005555555598838862,0.0005555555619423837,0.000555555561489062,0.0005555555588216583,0.0005555555709702134,0.0005555555600967948,0.0005555555631312775,0.0005555555647442453,0.0005555555604982165,0.0005555555644749066,0.0005555555567633323,0.000555555560856135,0.0005555555613091642,0.000555555559039213,0.0005555555601036402,0.9894444443262145
211,0.0008196721370949988,0.0008196721467172535,0.0008196721344154328,0.0008196721399778503,0.6869665111484821,0.000819672145697319,0.0008196721468019863,0.0008196721447136785,0.0008196721393586466,0.0008196721426969734,0.0008196722391725198,0.0008196721487702054,0.0008196721512513281,0.0008196721505447196,0.0008196721363531456,0.0008196721354512034,0.0008196721377749685,0.0008196721406820974,0.0008196721471030901,0.2982793901869405
217,0.00014880952553546288,0.00014880952568475377,0.00014880952515119214,0.0001488095256728579,0.00014880952597269643,0.9971726190156821,0.00014880952529196137,0.00014880952617362457,0.00014880952499526763,0.00014880952492487003,0.00014880952537904004,0.000148809525493788,0.00014880952566356415,0.00014880952560573286,0.00014880952588033281,0.00014880952591268232,0.00014880952478362667,0.00014880952497251727,0.00014880952552681439,0.0001488095256973505
218,0.0009090909218762481,0.0009090909371255884,0.0009090909178405447,0.0009090909245006222,0.0009090909247928426,0.0009090909400171323,0.0009090909209527378,0.0009090909278836214,0.0009090909230181174,0.0009090909373116589,0.8479736882855518,0.0009090909178030889,0.0009090909360848211,0.1356626750386248,0.0009090909159639718,0.0009090909174602137,0.0009090909214407248,0.0009090909245133216,0.0009090909301233095,0.0009090909371148161
221,0.0003623188430450298,0.00036231884506479476,0.00036231884271880325,0.00036231886155069,0.00036231884451889734,0.0003623188449700356,0.00036231884653265234,0.00036231884463778277,0.00036231884542847574,0.00036231884385336607,0.0003623188451413888,0.00036231884589569305,0.9931159419206749,0.0003623188447359542,0.0003623188419437968,0.0003623188424395672,0.00036231884503503515,0.00036231884653507645,0.0003623188596810233,0.00036231884559678127
233,0.00032258064773740434,0.00032258065195167883,0.00032258065035187326,0.0003225806517607617,0.00032258065101557336,0.00032258065219102557,0.0003225806496036843,0.0003225806513219602,0.0003225806482297434,0.0003225806534565811,0.0003225806506671717,0.00032258065432524984,0.5451410751750203,0.0003225806513972697,0.0003225806478837589,0.00032258064950294404,0.00032258065006321343,0.00032258064957659476,0.00032258065048670654,0.44905247311345653
254,0.009279817640884242,0.11328797062885614,6.082725173174354e-05,6.082725155379503e-05,0.08835033215103678,6.082725161376909e-05,6.0827251327753855e-05,6.082725214455151e-05,6.0827252113106933e-05,6.0827251623062236e-05,6.082725179480796e-05,6.082725149145628e-05,6.0827251566881535e-05,0.059427938170202095,6.082725139033795e-05,6.0827251733516436e-05,6.082725153604259e-05,0.7287415326340072,6.082725171171247e-05,6.082725168109939e-05
255,0.00018796992691647816,0.06895469246519022,0.0001879699269141964,0.000187969926756285,0.5754754147055783,0.0001879699284860454,0.0001879699273030652,0.00018796992902051868,0.0001879699274850099,0.00018796992759757025,0.338936096111235,0.00018796992945088273,0.00018796992824068916,0.00018796992954401,0.00018796992724503194,0.00018796992768221402,0.00018796992811159137,0.00018796992924576962,0.00018796992870218868,0.013626277869295019
261,0.00031250000287427727,0.0003125000066401097,0.0003125000070486245,0.6473798752141303,0.00031250000609043974,0.0003125000063664441,0.00031250000626536074,0.0003125000086622354,0.000312500003166767,0.3469951246800382,0.00031250000654425424,0.00031250000601049023,0.00031250000414378005,0.000312500008755913,0.00031250000296324695,0.0003125000055752496,0.0003125000048424503,0.00031250000676632373,0.00031250000659635595,0.0003125000065192213
281,8.25082512742956e-05,8.250825140206285e-05,8.25082510665982e-05,8.250825129639345e-05,8.25082514251288e-05,8.250825191952874e-05,8.250825121777535e-05,8.250825128366474e-05,8.250825135355257e-05,8.250825113516784e-05,8.250825123336182e-05,8.250825126178758e-05,8.25082517863839e-05,0.9984323432247991,8.250825094362178e-05,8.25082512119237e-05,8.25082512338012e-05,8.250825126117769e-05,8.250825138898832e-05,8.250825150581963e-05
294,8.726003589308709e-05,8.726003691901484e-05,8.726003546025335e-05,8.726003637619924e-05,8.726003644357076e-05,8.726003643071035e-05,0.39161045991225324,8.72600363395801e-05,8.726003655298009e-05,8.726003585077524e-05,8.726003624769571e-05,8.726003616599155e-05,8.726003690905006e-05,8.726003691351444e-05,8.726003556023038e-05,8.726003640850155e-05,8.726003588399288e-05,0.6068188594341751,8.726003686918282e-05,8.726003634742609e-05
299,0.0001018329950587637,0.00010183304010728192,0.00010183299478942046,0.00010183299529673012,0.0001018329950511027,0.00010183299535160868,0.00010183299516780637,0.00010183299505925928,0.00010183299460872742,0.00010183299474438797,0.9980651730499597,0.00010183299549240204,0.00010183299508715175,0.00010183299542052685,0.00010183299442951812,0.0001018329945018924,0.00010183299470389718,0.00010183299485855586,0.00010183299513488706,0.00010183299517655977
308,0.00011990407822138997,0.00011990407849401106,0.00011990407763810564,0.00011990407815448566,0.00011990407814904326,0.00011990407816333894,0.00011990407986652765,0.00011990407819692253,0.00011990407788253001,0.00011990407841660525,0.00011990407839585113,0.0001199040775732673,0.6914115985884188,0.00011990407865382679,0.00011990407717943119,0.00011990407764559117,0.00011990407818492808,0.3064301280042254,0.00011990407836221664,0.00011990407817757557
318,0.00028089887711573125,0.00028089887944622246,0.000280898879253289,0.0002808988805264731,0.0002808988810033213,0.0002808988796422609,0.00028089887912745743,0.0002808988800780285,0.0002808988779841068,0.00028089888248504735,0.9946629212859168,0.0002808988804243946,0.00028089887937887524,0.00028089887942445185,0.00028089887877783644,0.0002808988802338882,0.0002808988780961277,0.0002808988813246815,0.00028089888091359957,0.000280898878847534
322,0.00010822510919247989,0.00010822510953119697,0.00010822510854848316,0.00010822510899131446,0.00010822510924064577,0.00010822510953679538,0.00010822513419515114,0.0001082251095791943,0.00010822510901071108,0.00010822510903699852,0.00010822510963392707,0.00010822510904932919,0.00010822510925026931,0.00010822510958818172,0.0001082251085176965,0.00010822510911780872,0.00010822510936291911,0.9979437229002136,0.00010822510947226078,0.00010822510893108144
324,0.00010416666807193523,0.00010416666797572316,0.00010416666752508381,0.00010416666751436523,0.00010416666779511407,0.00010416666795480752,0.00010416666798472537,0.00010416666760508205,0.0001041666674253116,0.00010416666741488999,0.00010416666763156503,0.000104166667286621,0.00010416666784183024,0.0001041666678109978,0.00010416666694301314,0.00010416666780620026,0.00010416666765304661,0.9980208333138533,0.00010416666786512545,0.00010416666804126416
325,0.00010845987149435255,0.21194101644266705,0.000108459871446034,0.11563509473626586,0.00010845987171553091,0.00010845987170372616,0.02329415220160351,0.43301095025261965,0.00010845987162348962,0.00010845987173382275,0.017951632803757018,0.00010845987196878243,0.00010845987188753228,0.19664871535911682,0.00010845987071915768,0.00010845987162373166,0.00010845987187917572,0.0001084598718183067,0.00010845987248936611,0.0001084598718672203
344,0.0002824858794664353,0.19373144560731204,0.0002824858775149263,0.00028248588131587603,0.0002824858803456637,0.00028248587992196376,0.00028248588157076123,0.00028248588113887824,0.00028248587915187285,0.0002824858803794678,0.8011838085522137,0.00028248587789923217,0.0002824858813500485,0.000282485881565992,0.0002824858771570356,0.00028248587873299134,0.0002824858792159977,0.0002824858832819284,0.00028248588095915054,0.00028248587950590925
355,7.530120540435308e-05,7.530120625900477e-05,7.530120526670896e-05,7.53012056843793e-05,7.530120583317885e-05,7.530120597257281e-05,7.530120565781446e-05,7.530120588320559e-05,7.53012054922548e-05,7.530120560294377e-05,7.53012060981764e-05,7.530120594396634e-05,7.530120611147525e-05,0.9985692770903258,7.530120539273464e-05,7.530120570084107e-05,7.53012057548813e-05,7.530120596245352e-05,7.530120576855567e-05,7.530120588459525e-05
356,6.811989207280666e-05,6.811989260383133e-05,6.81198917482923e-05,6.811989205243198e-05,6.811989225577807e-05,6.811989221651327e-05,0.9987057220521939,6.811989193498873e-05,6.811989191663754e-05,6.811989162198348e-05,6.811989224979829e-05,6.81198918710725e-05,6.81198921214616e-05,6.811989200270112e-05,6.811989137186272e-05,6.81198917564642e-05,6.811989184947372e-05,6.811989196764833e-05,6.81198922044419e-05,6.81198919879109e-05
372,0.0008620689919155647,0.0008620689900727282,0.000862068966761435,0.000862068983286605,0.000862068979765101,0.0008620689845598498,0.0008620689801259205,0.0008620689866337366,0.00086206897402744,0.0008620689807160413,0.0008620689791122086,0.0008620689866731916,0.0008620689817273871,0.9836206893201351,0.0008620689716757804,0.0008620690163159443,0.0008620689845192287,0.0008620689764335064,0.0008620689821545282,0.0008620689833888774
387,9.276437973098423e-05,0.10680167210269703,9.276437892355397e-05,9.276437965827187e-05,0.10214902844754245,0.04178646607770341,9.276437979206251e-05,9.276438111690551e-05,9.276437968747135e-05,0.6531026011346578,0.016651633779124007,9.276438093675151e-05,9.276438040208008e-05,9.276437995465356e-05,9.276437968051696e-05,0.006786489919257319,9.276437967585538e-05,0.0715161715979478,9.276438089982903e-05,9.27643806112639e-05
392,0.00021186440857200926,0.00021186440967475102,0.00021186440964246194,0.00021186440875822763,0.00021186441077371973,0.00021186440899217,0.00021186440892549923,0.00021186440986392964,0.00021186440847402783,0.00021186440979415697,0.00021186440903235926,0.000211864409504396,0.0002118644091146059,0.00021186440913348236,0.00021186440839982278,0.00021186440880807003,0.00021186440881783842,0.0002118644098948943,0.995974576224204,0.0002118644096195404
414,0.0001369863116987558,0.00013698630248661062,0.0001369863022059735,0.00013698630228754725,0.0001369863025183787,0.9973972602467127,0.00013698630203620257,0.00013698630224928107,0.00013698630217142644,0.0001369863022586202,0.00013698630236851344,0.0001369863020039295,0.0001369863025070354,0.00013698630239224692,0.00013698630169648856,0.00013698630336261145,0.00013698630198442425,0.00013698630226581887,0.00013698630266116167,0.0001369863021322115
443,0.00039682540599410575,0.00039682540726908067,0.0003968254012930782,0.00039682540376782956,0.000396825406457633,0.0003968254044922967,0.04149955376218079,0.0003968254051624946,0.0003968254021127058,0.0003968254013556909,0.0003968254044581391,0.00039682540301461507,0.2900346353164273,0.0003968254045258079,0.6617197790536824,0.0003968254017174659,0.0003968254030679831,0.00039682540438018495,0.00039682540550696103,0.0003968254031332592
454,7.418397679297947e-05,0.9985905044335321,7.418397674499924e-05,7.418397701837586e-05,7.418397733635904e-05,7.418397734587376e-05,7.418397694612777e-05,7.418397729079924e-05,7.418397703491016e-05,7.418397713624889e-05,7.4183977469214e-05,7.418397756496984e-05,7.418397723999e-05,7.418397729147818e-05,7.418397689884222e-05,7.418397708145445e-05,7.418397721033033e-05,7.418397741512504e-05,7.418397724238222e-05,7.418397740718763e-05
455,7.267441957386516e-05,7.26744197536572e-05,7.267441925339206e-05,7.267441930932895e-05,7.267441975720628e-05,7.267441970387066e-05,7.267441965392357e-05,7.26744199141028e-05,7.267441919678699e-05,7.267441949061961e-05,7.267441962548288e-05,7.267441963026257e-05,7.267441968561443e-05,7.267441964372899e-05,0.012474425703784422,7.267441950008021e-05,7.267441939735901e-05,7.267441957240651e-05,0.9862174347440239,7.267441952994446e-05
457,9.708738000462693e-05,0.3841815361879749,9.708737915659279e-05,9.708737958071526e-05,9.708738022276994e-05,9.70873806095833e-05,9.708738122757895e-05,9.708738020994118e-05,9.708737987174205e-05,9.7087380089753e-05,0.4087428121948332,9.708738002952502e-05,9.708738067104669e-05,0.0362287083902304,9.708737928657041e-05,9.708738013005465e-05,9.708738157430702e-05,0.16929354514329717,9.708738044404432e-05,9.708738055541582e-05
462,0.00011764705967281838,0.0001176470606972876,0.00011764705957018741,0.00011764705997653213,0.00011764706040232022,0.00011764706059039852,0.0001176470601751024,0.00011764706031370029,0.0001176470600844583,0.00011764706012221589,0.00011764706076535302,0.00011764707213867463,0.0001176470604272284,0.00011764706020879096,0.00011764705974364435,0.00011764706009609257,0.9977647058437815,0.00011764706039765687,0.00011764706045373876,0.00011764706038227658
474,7.352941270301618e-05,7.352941310741578e-05,7.352941233390898e-05,7.352941234201828e-05,7.35294129299448e-05,0.9986029411595136,7.352941256784255e-05,7.352941275059146e-05,7.352941266320892e-05,7.352941240541449e-05,7.352941295589132e-05,7.352941270441202e-05,7.352941279452848e-05,7.352941270358103e-05,7.35294123273805e-05,7.352941226852128e-05,7.352941257541762e-05,7.352941264966979e-05,7.352941260141384e-05,7.352941310209978e-05
494,0.00022123894012416334,0.00022123894296079578,0.00022123894018753984,0.00022123894250124332,0.00022123894266335315,0.9957964601009327,0.0002212389412103018,0.00022123894549564856,0.00022123894141166134,0.00022123894228963343,0.0002212389426721344,0.00022123894278160047,0.0002212389412567087,0.00022123894213521727,0.00022123894103187768,0.00022123894173955077,0.00022123894145188882,0.0002212389421343245,0.00022123894172129595,0.0002212389432982614
498,0.5049365312478297,0.0010000000270712112,0.0010000000112403455,0.0010000000201517852,0.4770634684198533,0.0010000000226071228,0.001000000014805008,0.0010000000284973154,0.001000000013970847,0.0010000000148665698,0.0010000000267240787,0.0010000000288031042,0.0010000000147197539,0.001000000017185156,0.0010000000066581883,0.0010000000067217696,0.001000000017764057,0.0010000000161244145,0.0010000000192405744,0.001000000025166036
500,5.605381182010254e-05,5.605381197560007e-05,5.6053811828035406e-05,5.605381180657704e-05,5.605381196379e-05,5.605381191768962e-05,5.605381186708261e-05,5.6053811971243985e-05,5.605381184869845e-05,5.605381184453462e-05,5.605381188957102e-05,5.605381205747579e-05,5.6053811884525524e-05,5.605381187625823e-05,0.9989349775740263,5.6053811890668045e-05,5.605381179333963e-05,5.605381187753027e-05,5.605381188462408e-05,5.605381197651719e-05
503,0.0002688172067740517,0.00026881720671253644,0.00026881720727615655,0.9948924730728478,0.0002688172070070175,0.00026881720680033,0.00026881720645527884,0.00026881720729362207,0.0002688172059787511,0.000268817206750571,0.00026881720663630504,0.0002688172065084045,0.0002688172065484082,0.0002688172069767071,0.00026881720495472016,0.00026881720623662297,0.00026881720778579814,0.0002688172069712331,0.0002688172069729997,0.0002688172065126479
523,9.98004002894356e-05,0.11411427337096468,9.980039995636664e-05,9.980040059739027e-05,9.980040100574747e-05,9.98004009247436e-05,9.980040025417248e-05,9.980040066425323e-05,9.980040027394275e-05,9.9800400301157e-05,9.980040095172309e-05,0.8840893194190554,9.980040081146358e-05,9.980040085148498e-05,9.980039994813255e-05,9.980040044020109e-05,9.980040049043563e-05,9.98004005495585e-05,9.980040074354317e-05,9.98004009261464e-05
531,8.726003528102853e-05,8.726003611444732e-05,8.726003542545355e-05,8.726003548203626e-05,8.726003589958201e-05,8.726003620852041e-05,8.726003546955625e-05,8.726003565180674e-05,8.726003568846403e-05,8.726003593209199e-05,0.9983420593203378,8.726003600632542e-05,8.72600358052589e-05,8.726003595689096e-05,8.72600355464443e-05,8.726003596556051e-05,8.726003563220525e-05,8.726003570209701e-05,8.726003589477993e-05,8.726003599960304e-05
532,7.246376875811053e-05,0.9986231883893559,7.246376866948679e-05,7.246376901838417e-05,7.246376908785868e-05,7.24637689598785e-05,7.246376911403896e-05,7.246376903917181e-05,7.246376896591479e-05,7.246376891470109e-05,7.246376906946003e-05,7.24637687860941e-05,7.246376944736935e-05,7.24637692093828e-05,7.24637683438293e-05,7.246376889234259e-05,7.246376897715279e-05,7.246376936313577e-05,7.246376892848363e-05,7.24637690992059e-05
548,0.0007936508085720445,0.0007936508131628987,0.0007936507946622758,0.0007936507983589724,0.0007936508109936705,0.0007936508105070819,0.0007936508049232855,0.0007936508081786887,0.0007936508017054844,0.0007936508018641051,0.0007936508099532406,0.0007936508005592909,0.0007936508075167615,0.0007936508080643841,0.0007936507988172256,0.0007936508000553901,0.9849206347057315,0.0007936508014691443,0.0007936508042552123,0.0007936508106493074
549,0.00023584905769348627,0.00023584905959231044,0.00023584905740858122,0.00023584905987618444,0.00023584905948477862,0.00023584905895890237,0.00023584905966253473,0.00023584905916748067,0.00023584905901741967,0.9955188678739249,0.0002358490593983146,0.00023584905858815594,0.00023584906049002564,0.00023584906012857402,0.00023584905722338282,0.0002358490589796462,0.0002358490593829932,0.00023584906237723733,0.00023584905966397515,0.00023584905898114391
551,0.0007692307777814534,0.9853846150882041,0.0007692307753288774,0.0007692307862279251,0.0007692307864544207,0.0007692307834570884,0.0007692307763819756,0.0007692307860644704,0.0007692307784171621,0.0007692307811458807,0.0007692307815337306,0.0007692307787463896,0.0007692307819680234,0.0007692307846118867,0.0007692307720215121,0.000769230774960222,0.000769230775251997,0.0007692307801493685,0.0007692307834844353,0.0007692308678090928
565,0.02603118498188594,0.020892277582697953,0.00010964912503073734,0.8233990047913904,0.12514964146928212,0.00010964912502382702,0.00010964912530631837,0.00010964912503564856,0.0028831543005498964,0.000109649124093492,0.00010964912539672842,0.00010964912555677459,0.0001096491250641594,0.00010964912517412587,0.0001096491239338262,0.00010964912433172789,0.00010964912472437507,0.00010964912486720816,0.00010964912532889752,0.00010964912532589531
567,0.00014534883913121764,0.18215114551931139,0.00014534883862331508,0.00014534884000554332,0.49809848219090813,0.00014534883965344443,0.00014534884014435898,0.00014534884075536122,0.00014534883977636965,0.00014534883951261053,0.2569020425432889,0.0001453488401436023,0.0001453488405620217,0.00014534884054050255,0.06052274830923538,0.00014534883898854493,0.00014534883902727063,0.00014534884019188802,0.00014534884004929662,0.00014534884015069953
574,9.041591617142268e-05,9.041591452884688e-05,9.041591456940994e-05,0.9354685825768797,9.041591441815683e-05,9.041591466997035e-05,9.041591420101402e-05,9.0415914036632e-05,9.041591380091549e-05,9.041591630063157e-05,0.042812100766521935,9.04159159273093e-05,0.0142444459369479,9.041591475573589e-05,9.041591355690994e-05,9.041591405126669e-05,9.041591453229902e-05,0.006028216082882753,9.041591547932707e-05,9.041591576770813e-05
588,0.00015384615529415226,0.5312386711554649,0.00015384615564905546,0.0001538461557321064,0.00015384615626371666,0.28965239551369126,0.00015384615612349875,0.000153846156580883,0.0001538461559393458,0.00015384615619085898,0.1724767819188413,0.00015384615798487756,0.00015384615599845064,0.0001538461562153367,0.00417061291334587,0.00015384615538523118,0.0001538461559214932,0.00015384615644853044,0.00015384615629961297,0.0001538461566293296
590,0.00013661202334093068,0.0001366120239221397,0.0001366120222715422,0.00013661202262811687,0.00013661202392318525,0.00013661202393779956,0.00013661202302918103,0.0001366120233127968,0.0001366120233271361,0.00013661202295886445,0.0001366120239612098,0.00013661202428001852,0.9974043715562222,0.00013661202318883953,0.000136612023200417,0.0001366120229395152,0.00013661202321676874,0.00013661202328374007,0.00013661202334730167,0.00013661202370841404
599,0.00013550135627840725,0.00013550135703276222,0.0001355013559001964,0.00013550135638766106,0.00013550135694728865,0.0001355013569386829,0.00013550135672915715,0.9974254742239036,0.00013550135626328515,0.00013550135658741097,0.00013550135693934205,0.00013550135680209064,0.0001355013566508279,0.0001355013565156968,0.00013550135647165084,0.0001355013567167925,0.00013550135619818068,0.0001355013569728238,0.00013550135670138975,0.0001355013570629049
603,0.00045871560236764155,0.00045871562151905107,0.00045871559987226303,0.00045871560609410703,0.0004587156029241925,0.0004587156075796063,0.0004587156039186207,0.0004587156019551813,0.0004587156032633196,0.0004587156049539142,0.0004587156036953423,0.00045871560096906797,0.00045871560651375876,0.000458715604479309,0.0004587155983353432,0.0004587156047251145,0.00045871560622966987,0.00045871560388767554,0.9912844035104241,0.00045871560629275325
604,0.00011682243100242116,0.9977803738013769,0.00011682243133761096,0.00011682243122628793,0.00011682243144586153,0.00011682243137149289,0.00011682243132961212,0.00011682243227332713,0.00011682243087774178,0.0001168224325557572,0.00011682243189402091,0.00011682243180473485,0.00011682243151737384,0.00011682243140541745,0.00011682243102316741,0.00011682243097397631,0.00011682243109286186,0.00011682243231922702,0.00011682243139935413,0.00011682243177260812
605,0.00021276595912581513,0.0002127659591694767,0.9959574467821873,0.00021276595908390473,0.00021276595894565055,0.00021276595888943537,0.00021276595887318356,0.00021276595865524006,0.00021276595896216647,0.00021276595852874253,0.00021276595876963268,0.00021276595879344412,0.0002127659589796456,0.0002127659588752507,0.00021276595784865308,0.00021276595835727834,0.00021276595861232587,0.00021276595925475076,0.00021276595923642511,0.0002127659588518143
614,0.00010395010494525341,0.9980249480010188,0.00010395010474115476,0.00010395010539750677,0.0001039501053126721,0.00010395010542609333,0.0001039501051264317,0.00010395010606258254,0.00010395010487595245,0.00010395010506247727,0.00010395010546117078,0.00010395010504130223,0.000103950105458293,0.00010395010573695579,0.00010395010458098034,0.00010395010496717736,0.00010395010484847855,0.00010395010523930736,0.00010395010556087976,0.00010395010513650774
623,0.00011494253061590245,0.9924887981423011,0.00011494253017639008,0.00011494253038494507,0.00011494253130942755,0.00011494253115919085,0.0001149425297500992,0.00011494253007984323,0.00011494253036983362,0.00011494252953294589,0.005442236310517809,0.00011494253075190644,0.00011494253069228262,0.0001149425303230835,0.00011494252953970176,0.00011494253009268761,0.00011494253036489787,0.00011494253056302754,0.00011494253105015503,0.00011494253042448958
639,5.1975052489616904e-05,0.2527731965384042,5.1975052239115116e-05,5.1975052300681685e-05,0.7462912525163705,5.197505274859642e-05,5.197505254126345e-05,5.197505262581872e-05,5.197505237839444e-05,5.1975052303806315e-05,5.19750524777279e-05,5.197505272833698e-05,5.197505262602385e-05,5.1975052558599945e-05,5.1975052259546235e-05,5.197505278156617e-05,5.1975052415433684e-05,5.1975052697427425e-05,5.1975052454920456e-05,5.197505259821661e-05
642,0.0001612903246596919,0.299697332048789,0.00016129032556573718,0.0001612903274540451,0.00016129032652685796,0.00016129032640210244,0.00016129032492536715,0.5318830209631071,0.07922710351347728,0.0001612903282546846,0.08661189825625681,0.0001612903260201206,0.00016129032609020326,0.00016129032683574293,0.0001612903244455989,0.00016129032490620472,0.00016129032548890712,0.00016129032686116581,0.00016129032675536625,0.0001612903271781751
652,0.0001872659193769583,0.00018726592124026836,0.00018726591913791426,0.00018726591982655769,0.00018726592114065693,0.00018726592013472486,0.00018726592133828612,0.996441947518906,0.00018726591908968355,0.00018726591991955293,0.00018726591997761095,0.00018726592058369683,0.00018726591960186237,0.0001872659195530039,0.0001872659190286605,0.0001872659204653098,0.00018726591921238271,0.00018726592040509637,0.00018726592026581756,0.000187265920795886
654,0.00024038462036046312,0.00024038462030245624,0.00024038461894450143,0.00024038461949244804,0.00024038461947318584,0.00024038461787443053,0.00024038461867597838,0.00024038461828721148,0.00024038461787136224,0.00024038461904730865,0.00024038461867205855,0.00024038461901871783,0.00024038461998310387,0.0002403846180051016,0.00024038461693129436,0.08343784451375476,0.00024038461841397845,0.00024038462024612338,0.9122352323459295,0.00024038461871603067
661,0.00037037037473974495,0.0003703703813191879,0.0003703703750922141,0.00037037037377390166,0.00037037037920661464,0.0003703703795735534,0.0003703703773991866,0.16421200319619228,0.0003703703742029658,0.07787707304436244,0.00037037037895064416,0.00037037037652228337,0.00037037037859133495,0.00037037037680566877,0.2522311057336495,0.0003703703759009544,0.00037037037650764366,0.29966551789726514,0.0003703703798575,0.20045874447008719
664,0.00028409091080504057,0.00028409091225447603,0.00028409091002379875,0.00028409091141154153,0.00028409091226452583,0.0002840909108382179,0.0002840909110243199,0.000284090912050603,0.0002840909107258431,0.00028409091097361807,0.0002840909114973683,0.994602272681147,0.0002840909118348955,0.00028409091104930655,0.0002840909097643535,0.00028409091746637986,0.000284090911041315,0.000284090911234357,0.00028409091122675505,0.00028409091136628856
674,5.861664756276496e-05,5.861664820140529e-05,5.861664772273942e-05,5.8616647768932856e-05,0.02797571356229343,5.861664810945739e-05,5.86166479596052e-05,5.861664837323881e-05,5.861664793825189e-05,5.861664776334749e-05,5.861664808184856e-05,5.861664822266309e-05,5.8616647875996676e-05,5.8616647855658534e-05,5.861664779265372e-05,5.861664774872502e-05,5.861664772811543e-05,5.861664816599213e-05,5.861664794701678e-05,0.9709691867748882
679,0.00021834061454426715,0.00021834061568099702,0.00021834061353126884,0.0002183406139549291,0.0002183406167497973,0.00021834061577764058,0.00021834061582129421,0.00021834061477605607,0.0002183406164927144,0.00021834061600923445,0.00021834061625122139,0.0002183406153617427,0.00021834061614631707,0.00021834061425756373,0.00021834061315339405,0.0002183406149603818,0.0002183406146979159,0.00021834061542023967,0.00021834061535937218,0.9958515283110536
694,0.0007462686602793904,0.0007462686721979408,0.0007462686683094912,0.0007462686651108836,0.9858208949754002,0.0007462686698544763,0.0007462686714076386,0.000746268673101035,0.0007462686645384927,0.000746268678437556,0.0007462689443236553,0.0007462686765324313,0.0007462686657241933,0.0007462686720993995,0.0007462686849083808,0.000746268661625697,0.0007462686754018737,0.0007462686724208419,0.0007462686732923235,0.0007462686750343317
700,0.0004587156050070843,0.00045871560749453954,0.0004587155995491655,0.00045871560215881717,0.0004587156051215283,0.00045871560499566755,0.000458715602512404,0.000458715606416164,0.9912844035188348,0.00045871560192049267,0.0004587156066827252,0.00045871560425906716,0.00045871560360531927,0.00045871560424777015,0.000458715604862515,0.00045871560024401557,0.00045871560362780855,0.0004587156049473034,0.00045871560481387737,0.0004587156086990117
704,0.0004672897252243973,0.00046728972683228296,0.00046728972096760047,0.0004672897240065569,0.0004672897307182553,0.9911214952207931,0.00046728972353673434,0.0004672897284688864,0.0004672897248129173,0.00046728972484611045,0.00046728972736084757,0.0004672897234452053,0.0004672897259977407,0.0004672897252339003,0.00046728972121039356,0.000467289721269895,0.00046728972496056745,0.0004672897269548529,0.00046728972535600385,0.00046728972800383204
711,0.0005050505088783101,0.0005050505187012221,0.0005050505114016036,0.000505050514596312,0.0005050505183247969,0.4186261963503132,0.0005050505183354642,0.0005050505193984319,0.0005050505097071649,0.0005050505171422232,0.0558640500894281,0.0005050505159633761,0.0005050505170353936,0.17266975479466418,0.000505050522937725,0.0005050505157477266,0.0005050505208423826,0.00050505051571788,0.0005050505195154402,0.3447591905013493
716,8.78734632974874e-05,0.9983304041934322,8.787346302841321e-05,8.787346318878257e-05,8.78734636891737e-05,8.787346560477867e-05,8.787346338254882e-05,8.787346367679221e-05,8.787346283517286e-05,8.787346326636048e-05,8.78734633540062e-05,8.787346343037345e-05,8.787346358442575e-05,8.787346376554759e-05,8.787346305066929e-05,8.787346331867056e-05,8.787346334127159e-05,8.787346347097411e-05,8.78734636595077e-05,8.78734636229064e-05
721,0.0005376344152172966,0.0005376344142973313,0.0005376344095354468,0.000537634412415408,0.0005376344146169223,0.0005376344171701802,0.0005376344123438543,0.0005376344134622799,0.0005376344106543409,0.0005376344134802993,0.0005376344141373292,0.0005376344109311018,0.0005376344131226663,0.0005376344133749545,0.0005376344105119834,0.0005376344125934585,0.9897849461481705,0.0005376344148402423,0.0005376344159603273,0.0005376344131640657
726,0.00016835016911091548,0.0001683501705006541,0.00016835016936850303,0.0001683501709117401,0.00016835017045560433,0.00016835017007714779,0.00016835017034926827,0.00016835017003365125,0.004312567996511039,0.0001683501710862034,0.00857556908182775,0.00016835016955157563,0.0001683501698585159,0.00016835016930965806,0.00016835016993795097,0.00016835017004200736,0.00016835017176519942,0.9656940003576239,0.00016835017065934744,0.018724259841019476
730,0.00047619048279121226,0.00047619048862703616,0.00047619048029493737,0.00047619048365981736,0.0004761904864776906,0.00047619048458548457,0.0004761904821099872,0.0004761904836458082,0.0004761904822533909,0.0004761904804776294,0.00047619048491306037,0.0004761904828655263,0.9909523808106419,0.00047619048486925735,0.0004761904826077461,0.0004761904850409388,0.0004761904818363476,0.00047619048357317367,0.00047619048579907304,0.0004761904829300888
734,0.00036496350946263294,0.00036496351272058034,0.000364963507394213,0.00036496350906435826,0.00036496351272486327,0.0003649635101446675,0.0003649635098033989,0.00036496350978158933,0.0003649635096298647,0.00036496350594926897,0.0003649635098484598,0.0003649635075857248,0.9930656933260722,0.0003649635095438721,0.0003649635059733894,0.00036496350816107626,0.0003649635082537741,0.00036496351031575406,0.0003649635092979434,0.00036496350827238625
741,0.0004950495176272071,0.0004950495192975354,0.0004950495122728936,0.0004950495106238513,0.0004950495151629796,0.3704007719103085,0.0004950495178782597,0.0004950495233831582,0.0004950495166398227,0.0004950495190182601,0.0004950495204975085,0.0004950495176521045,0.0004950495136698397,0.0004950495140422936,0.000495049514926922,0.000495049508941689,0.0004950495148857588,0.00049504951381977,0.6206883367983252,0.0004950495210263378
748,6.675567467066739e-05,6.675567531341191e-05,6.67556746670325e-05,6.675567479709199e-05,6.675567522659687e-05,6.67556752182e-05,0.9987316421734159,6.675567534694974e-05,6.675567489487299e-05,6.675567508493474e-05,6.675567510928493e-05,6.67556752396353e-05,6.675567524732497e-05,6.675567527010656e-05,6.675567456371783e-05,6.675567474917835e-05,6.675567485861488e-05,6.67556759406327e-05,6.67556751267231e-05,6.675567525899765e-05
771,0.00012919896748071847,0.00012919897800276993,0.00012919896723013262,0.00012919896767963195,0.00012919896822260617,0.00012919896810709717,0.0001291989680305684,0.00012919896842019993,0.0001291989673377837,0.00012919896767442734,0.00012919896810991858,0.00012919896807429455,0.0001291989682704412,0.00012919896807730605,0.0001291989671497931,0.00012919896778226467,0.00012919896754048785,0.00012919896809221814,0.0001291989681111904,0.997545219600606
781,0.00010548523487114213,0.0001054852343861593,0.00010548523352387249,0.020517034907750455,0.00010548523411376838,0.00010548523396796865,0.00010548523396801801,0.17732571778353923,0.0001054852339284794,0.00010548523399052777,0.6713701393402063,0.00010548523424679963,0.00010548523394987415,0.00010548523392959637,0.00010548523308096867,0.00010548523315150977,0.00010548523341834844,0.00010548523392103786,0.00010548523411059827,0.12909934422594538
793,0.0009259259365094937,0.0009259259393632223,0.0009259259352123562,0.0009259259504113336,0.0009259259544231439,0.0009259259422580244,0.0009259259408809851,0.0009259259389341274,0.0009259259267199803,0.0009259259376875723,0.0009259259424324866,0.0009259259639608042,0.0009259259363753824,0.00092592594795318,0.11803647396621546,0.0009259259350212353,0.0009259259426620721,0.8652968590677291,0.0009259259417733102,0.0009259259534766605
794,0.00016233766474266792,0.00016233766419784443,0.0001623376632703152,0.00016233766354779744,0.00016233766605912753,0.00016233766560651758,0.00016233766414830737,0.00016233766579158956,0.00016233766427022027,0.00016233766437069908,0.9969155843704856,0.0001623376662363753,0.00016233766486454748,0.00016233766388093116,0.0001623376629982543,0.00016233766485106572,0.00016233766476866354,0.00016233766631235566,0.00016233766513952327,0.0001623376644575517
797,0.00022727272968369055,0.00022727273088082438,0.0002272727312444736,0.00022727273100289636,0.0002272727327183478,0.00022727273144609528,0.0002272727296451638,0.0002272727310249404,0.00022727272914156761,0.00022727273464979295,0.000227272730893915,0.00022727273137282457,0.00022727273067882803,0.00022727273034115177,0.00022727272890109008,0.00022727272958797027,0.0002272727320602484,0.9956818181116841,0.0002272727313221552,0.00022727273171980068
825,0.006250000130927327,0.006250000023369123,0.006250000000002307,0.0062500000895282706,0.006250000091191308,0.006250000207849277,0.4149910772093584,0.0062500000286596635,0.006250000019529215,0.0062500000068946154,0.006250000047462618,0.006250000071091663,0.006250000057461237,0.006250000037118495,0.006250000003831184,0.006250000000002306,0.0062500000850544005,0.0062500001251047455,0.006250000139021639,0.47250892162654223
828,0.00029069767485120153,0.00029069767651863,0.0002906976757854425,0.0002906976763180978,0.00029069767646172824,0.0002906976759301744,0.0002906976756403318,0.00029069767610373764,0.0002906976764860302,0.00029069767620924363,0.00029069767632063803,0.00029069767634021465,0.0002906976757457211,0.00029069767603863,0.00029069767482127283,0.00029069767471941735,0.00029069767660348323,0.00029069767628589255,0.00029069767600436633,0.9944767441568159
829,0.0006097561089931178,0.0006097561152545019,0.0006097561135861473,0.0006097561117593915,0.0006097561053947338,0.0006097561084781421,0.0006097561031934384,0.0006097561089333935,0.0006097561058256231,0.0006097561099038734,0.24734618441473183,0.23126551831113817,0.0006097561123911817,0.0006097561093155158,0.0006097561062913382,0.0006097561029615031,0.0006097561115608524,0.511022443417037,0.0006097561118049719,0.0006097561114451159
844,9.578544148529745e-05,9.578544264435656e-05,9.578544147921982e-05,9.578544194644723e-05,9.578544167216488e-05,0.9981800766033533,9.578544223198232e-05,9.578544151809187e-05,9.578544157960878e-05,9.578544151593764e-05,9.578544199348755e-05,9.578544179108621e-05,9.578544228151674e-05,9.578544296646056e-05,9.578544101530334e-05,9.578544137169724e-05,9.57854418007313e-05,9.578544317322203e-05,9.578544223948248e-05,9.578544194047187e-05
856,0.00042016807170965645,0.00042016807539058614,0.0004201680707699185,0.00042016807212322217,0.0004201680721701387,0.0004201680738696746,0.00042016807209548356,0.0004201680743221442,0.0004201680708252018,0.9920168066257372,0.00042016807384014006,0.0004201680722584848,0.0004201680723144012,0.0004201680721781556,0.00042016807023740834,0.0004201680711532476,0.0004201680702480735,0.0004201680725312435,0.00042016807267760965,0.0004201680735479884
857,0.00021008403593469375,0.00021008403462506356,0.00021008403393381014,0.00021008403439056895,0.0002100840346828153,0.00021008403473707273,0.9960084033393294,0.00021008403540856058,0.00021008403407600298,0.00021008403463277278,0.0002100840348502366,0.00021008403472919923,0.00021008403493008435,0.0002100840345610904,0.00021008403546416996,0.00021008403474069042,0.00021008403441793752,0.00021008403469677925,0.0002100840346549911,0.0002100840352040141
858,0.0007142857187106001,0.0007142857188971851,0.0007142857198010077,0.0007142857165931304,0.0007142857182072111,0.000714285717474373,0.0007142857180562842,0.0007142857207336089,0.0007142857170296816,0.0007142857213851949,0.0007142857187629888,0.0007142857174936322,0.0007142857223929739,0.0007142857181146714,0.0007142857194043468,0.0007142857160838174,0.0007142857154244511,0.0007142857185820695,0.0007142857203594364,0.9864285713464933
863,0.0005882353016616202,0.0005882353113426552,0.000588235304767196,0.0005882352999469752,0.5875735989712692,0.0005882353130811166,0.0005882353193437376,0.0005882353051144399,0.0005882353036187414,0.0005882353058267081,0.0005882353111413252,0.000588235307390504,0.0005882353086349373,0.0005882353053905527,0.0005882352981808712,0.0005882353105189308,0.0005882353016951387,0.28122959318325746,0.0005882353028445256,0.12119680763497327
872,0.0007462686700349573,0.0007462686662843463,0.0007462686693287693,0.0007462686720731365,0.0007462686632449109,0.0007462686657293952,0.0007462686627191727,0.0007462686676600038,0.0007462686605557018,0.0007462686616690061,0.0007462686616034451,0.0007462686623274152,0.0007462686625887913,0.0007462686665341421,0.0007462686571719304,0.0007462686598472185,0.000746268678082937,0.8096315063133614,0.0007462686690697423,0.17693565771011371
895,0.00024154589901815733,0.00024154589900718797,0.0002415458964137385,0.0002415458977562811,0.0002415458986981897,0.00024154589905377098,0.00024154589649029386,0.00024154589780532582,0.00024154589669071776,0.0002415458961388541,0.00024154589931656934,0.00024154589741271783,0.0002415458988046742,0.8684673641135862,0.00024154589706725877,0.00024154589654993365,0.00024154589580929674,0.0002415458973748173,0.12718480972827795,0.00024154589872804372
896,0.00022935780121750182,0.00022935780093883253,0.00022935779917881502,0.00022935780131605452,0.9956422017776858,0.00022935780248320084,0.00022935780047348114,0.00022935780055291513,0.000229357799573298,0.00022935780177128377,0.0002293578020180447,0.00022935779962426694,0.0002293578017634615,0.0002293578029534762,0.00022935779932447192,0.00022935780043549674,0.0002293578012666066,0.00022935780205017488,0.00022935780414036258,0.00022935780123260134
900,0.0005617977716180689,0.0005617977596843393,0.0005617977622400066,0.0005617977683222854,0.000561797766196527,0.9893258424951825,0.00056179776108247,0.0005617977593795442,0.0005617977606566706,0.0005617977606008762,0.0005617977627797539,0.0005617977722478321,0.0005617977657204414,0.0005617977604714451,0.0005617977591909561,0.0005617977584892069,0.000561797759046151,0.0005617977640030321,0.0005617977658949109,0.000561797767192888
902,0.0013513513908927305,0.0013513513813058543,0.0013513513678798314,0.001351351379041695,0.0013513513697750534,0.5242852682821021,0.0013513513691619326,0.0013513513798020585,0.0013513513981889807,0.0013513513700139327,0.11045309418911367,0.0013513513651327589,0.001351351369242758,0.001351351371631845,0.001351351382653049,0.001351351361430871,0.001351351372071137,0.0013513513723021706,0.0013513513796494499,0.3422886641486081
905,0.00026315789498947384,0.00026315789576547127,0.0002631578952731379,0.00026315789625441376,0.00026315789599086595,0.00026315789601452725,0.00026315789652936396,0.00026315789566042986,0.0002631578961576424,0.0002631578957443565,0.00026315789603137657,0.00026315789532159245,0.9949999999750322,0.0002631578974506638,0.00026315789510332043,0.0002631578955183395,0.00026315789584446103,0.0002631578992389956,0.00026315789655721755,0.0002631578955220124
916,0.0002604166714246959,0.00026041667315719624,0.0002604166681731226,0.0002604166693944569,0.0002604166720100148,0.0002604166709611688,0.00026041666960292397,0.9950520832564995,0.00026041667177249096,0.00026041666916868544,0.00026041667072463444,0.0002604166707765264,0.00026041667123675733,0.0002604166721980416,0.0002604166671087134,0.0002604166718188765,0.0002604166705732911,0.0002604166706678538,0.00026041667147345813,0.00026041667125742976
925,0.0005319149074986866,0.0005319149044680061,0.0005319149005524516,0.0005319149006016884,0.0005319149051981408,0.0005319149049971216,0.0005319149073562606,0.1989994702835379,0.0005319149011869895,0.0005319149031202719,0.0005319149046352689,0.0005319149044229765,0.0005319149050503312,0.7914260614463614,0.0005319149031675262,0.0005319149037322823,0.000531914900017904,0.0005319149030053657,0.0005319149064201531,0.0005319149046691734
933,0.0002617801066823527,0.0002617801090039211,0.0002617801062303078,0.00026178010697437795,0.0002617801083032227,0.0002617801074417787,0.00026178010756944324,0.00026178010877007187,0.00026178010701823616,0.00026178010730182235,0.00026178010790641355,0.0002617801080301645,0.9950261779549903,0.0002617801083722579,0.0002617801056673639,0.00026178010927648725,0.0002617801068629481,0.0002617801073858277,0.000261780108689033,0.00026178010752360426
944,0.00015432099015817255,0.0001543209909431181,0.00015432098909026734,0.00015432099024747142,0.00015432099047951769,0.00015432099033451258,0.00015432099011497414,0.00015432099073191854,0.00015432098984870563,0.0001543209890407117,0.997067901192025,0.00015432098980921509,0.00015432099003588197,0.00015432099032286557,0.0001543209881914161,0.0001543209899212886,0.00015432098921783698,0.00015432098975412122,0.0001543209900246777,0.00015432098970841906
946,0.00011494253171655949,0.1206533697561396,0.00011494253226543851,0.07823173273309794,0.00011494253124803021,0.00011494253108292243,0.00011494253106175396,0.00011494253130117534,0.0001149425314372657,0.00011494253139090929,0.1867384909116698,0.00011494253063801101,0.00011494253112407816,0.00011494253151662616,0.00011494252994635421,0.4907723606445886,0.00011494253102843223,0.1218799079864135,0.00011494253105332906,0.00011494253127976959
948,0.00013888889072261629,0.0001388888920735206,0.00013888888960127905,0.0001388888911002056,0.0001388888914933813,0.00013888889139161153,0.00013888889150608295,0.00013888889197644327,0.00013888889073432326,0.00013888889052592385,0.00013888889232030048,0.00013888889180417227,0.00013888889162348472,0.000138888891847547,0.00013888889064487652,0.00013888889099558717,0.00013888889055780856,0.9973611110660019,0.00013888889177053555,0.00013888889130844715
952,0.00013157894823812645,0.0001315789482242721,0.0001315789478453917,0.00013157894804912695,0.0001315789487638551,0.00013157894873611642,0.00013157894894656494,0.00013157894850442917,0.0001315789491513855,0.0001315789480592752,0.00013157894884642968,0.0001315789495178715,0.00013157894857949312,0.00013157894813385556,0.0001315789478334965,0.000131579005615239,0.0001315789484343254,0.9974999999219681,0.0001315789483692705,0.00013157894818342263
959,0.00010245901708150997,0.00010245901858349102,0.00010245901749729844,0.00010245901793304046,0.00010245901860566641,0.00010245901826741415,0.00010245901813825643,0.00010245901810896327,0.0001024590175150895,0.00010245901753528737,0.00010245901836387169,0.00010245901826483248,0.00010245901869875609,0.0001024590181713041,0.00010245901843734451,0.00010245901719070721,0.00010245901724767523,0.9980532786581223,0.00010245901794852136,0.00010245901828862593
991,0.7488356791375403,0.00027027027611516537,0.000270270272382181,0.00027027027298157357,0.00027027027558066503,0.000270270275043277,0.00027027027310497594,0.00027027027537421304,0.0002702702715547367,0.00027027027580605353,0.0002702702739335209,0.0002702702756973686,0.0002702702753170313,0.00027027027568340647,0.0002702702734198669,0.2462994559214962,0.0002702702736024089,0.0002702702742898131,0.0002702702755913532,0.0002702702754856901
992,6.34517772935411e-05,6.345177770128518e-05,6.345177728686004e-05,6.345177766066946e-05,6.345177761470413e-05,6.345177754426422e-05,6.345177741562048e-05,6.345177744855975e-05,6.345177754436592e-05,6.345177716315563e-05,6.345177773472406e-05,6.345177752757084e-05,6.345177783744903e-05,6.345178158478531e-05,6.345177705699195e-05,6.34517771454399e-05,6.345177732533207e-05,6.34517777797001e-05,0.9987944162237158,6.345177761927245e-05
995,0.0007575757773185073,0.0007575757661754744,0.000757575770562774,0.0007575757651314979,0.0007575757749041805,0.0007575757636969359,0.0007575757652153712,0.0007575757689567212,0.0007575757642060339,0.04963577626904761,0.9367278598916365,0.0007575757716839293,0.0007575757686364766,0.0007575757639480098,0.0007575757597625579,0.0007575757820694596,0.000757575766297949,0.0007575757721833856,0.0007575757727116516,0.0007575757658549451
1008,8.319467614388916e-05,8.319467616833103e-05,8.319467601630446e-05,8.319467602802989e-05,0.9984193011512501,8.319467622174062e-05,8.3194675921548e-05,8.319467617986663e-05,8.319467624597414e-05,8.319467617897665e-05,8.319467620792832e-05,8.319467608563561e-05,8.319467857770948e-05,8.319467625262732e-05,8.319467575992269e-05,8.319467623923616e-05,8.319467615881842e-05,8.31946761532471e-05,8.319467622522887e-05,8.31946759847204e-05
1010,0.0004237288240157852,0.0004237288251587462,0.00042372881891621105,0.00042372882016677733,0.0004237288237878614,0.00042372882490991507,0.00042372882099378815,0.0004237288225155017,0.00042372882010807575,0.0004237288186370965,0.00042372882334465705,0.00042372882114302706,0.0004237288247934459,0.000423728825326157,0.0004237288189685891,0.0004237288195071521,0.00042372882021083757,0.0004237288203892831,0.00042372882312123085,0.9919491523839858
1012,0.0007575757684936212,0.0007575757762031199,0.0007575757607085873,0.0007575757717551813,0.0007575757913280246,0.000757575778232372,0.0007575757784955519,0.4178118441938711,0.0007575757656119968,0.0007575757693116234,0.0007575757765230193,0.0007575757815171388,0.0007575757756851817,0.000757575773548181,0.0007575757790638247,0.0007575757681568702,0.000757575774034471,0.5685517918680529,0.0007575757734394858,0.0007575757759678875
1020,0.00014880952471261528,0.00014880952658848865,0.00014880952512581354,0.00014880952486715407,0.00014880952633057474,0.00014880952565677103,0.00014880952582446965,0.12863570869610483,0.00014880952489928402,0.0001488095264130911,0.8686857198436089,0.0001488095255904169,0.00014880952571278794,0.00014880952576325467,0.00014880952470525612,0.00014880952523770927,0.00014880952480897787,0.00014880952568166803,0.00014880952598354626,0.00014880952638451203
1022,0.0005617977689543117,0.0005617977626028237,0.0005617977576224099,0.8700661518894035,0.0005617977623200064,0.0005617977600345309,0.000561797762094471,0.0005617977645664481,0.0005617977589290647,0.026098537378421622,0.0005617977624714462,0.0005617977585543047,0.0005617977644697143,0.0005617977615889923,0.0005617977563422008,0.000561797763607691,0.0005617977596857683,0.0005617977623735807,0.0005617977634871533,0.09428474878247001
1025,0.00011363636616973597,0.29220808025738837,0.00594196320323554,0.00011363636656114133,0.334421839369259,0.00011363636646897883,0.044001484660613606,0.0001136363671524879,0.00011363636517527856,0.00011363636529289796,0.23573760176126374,0.0001136363666006141,0.00011363636556229198,0.00011363636611678199,0.00011363636611958211,0.00011363636540873319,0.056383509620457045,0.00011363636562427236,0.029828248369635976,0.00011363636589405316
1027,5.88928154750297e-05,5.8892815603322806e-05,5.889281530110036e-05,5.889281538162381e-05,5.88928155356083e-05,5.889281546825995e-05,5.889281536818119e-05,5.889281558071028e-05,5.889281540090176e-05,5.8892815380000794e-05,5.8892815522278964e-05,5.8892815562547764e-05,5.8892815498868105e-05,5.8892815426836864e-05,5.8892815425994086e-05,0.9988810365062417,5.889281538027037e-05,5.889281547897406e-05,5.889281546907722e-05,5.889281549877787e-05
1032,0.00040650407685401086,0.00040650407352869184,0.00040650406750833353,0.00040650406839441814,0.0004065040730994525,0.9922764226360925,0.00040650407249826897,0.000406504072166404,0.0004065040685307229,0.0004065040712089249,0.00040650406999840504,0.00040650407149775365,0.00040650407252048996,0.0004065040696163429,0.0004065040666358586,0.0004065040711691124,0.0004065040697988458,0.0004065040731739498,0.00040650408255644174,0.0004065040731510842
1039,0.00039370079239749216,0.00039370079604751103,0.0003937007907679296,0.00039370079461483685,0.0003937007930321448,0.00039370079512321437,0.00039370079194724067,0.00039370079524152836,0.00039370079089579897,0.0003937007939701523,0.00039370079301501105,0.00039370079237645284,0.9925196849283262,0.000393700793895003,0.0003937007934989652,0.00039370079051170436,0.00039370079151467615,0.0003937007923599422,0.0003937007938841223,0.0003937007965800578
1041,5.910165541531181e-05,5.910165548880931e-05,5.9101655146072316e-05,5.910165531476734e-05,5.9101655397933294e-05,5.9101655436737574e-05,5.910165529191092e-05,5.91016552451522e-05,0.9988770685490939,5.91016551082279e-05,5.910165541230503e-05,5.910165520673814e-05,5.910165545285514e-05,5.91016554342037e-05,5.9101655036540236e-05,5.9101655206298703e-05,5.910165522175624e-05,5.910165530571973e-05,5.910165545502191e-05,5.9101655329695676e-05
1045,0.0017241379791540772,0.0017241379698219818,0.0017241379349586786,0.0017241379702702035,0.0017241379902208358,0.9672413786712728,0.0017241379529011841,0.0017241379635620049,0.0017241379562287946,0.0017241379951202695,0.0017241379704115165,0.0017241379739043312,0.0017241379714837638,0.0017241379604781791,0.0017241379357131566,0.001724137950393603,0.0017241379555993338,0.001724137957325221,0.0017241379872904217,0.0017241379538897818
1046,0.00022123893983398246,0.00022123894121398692,0.0002212389393746077,0.00022123894028396528,0.00022123894132302372,0.00022123894028273108,0.000221238941351195,0.00022123894273576875,0.0002212389412576745,0.00022123894023323037,0.00022123894088532287,0.00022123894152661352,0.00022123894041763226,0.99579646012731,0.00022123893920054664,0.0002212389394381373,0.00022123893988874277,0.00022123894207415573,0.00022123894072605593,0.00022123894064233484
1047,0.0007812500138558632,0.00078125001588005,0.0007812500049947111,0.0007812500357567568,0.0007812500148783845,0.8856857241405345,0.0007812500155757356,0.0007812500165238578,0.0007812500066718427,0.0007812500072766034,0.0007812500199192994,0.0007812500174168334,0.0007812500177179126,0.000781250013305642,0.0007812500075150504,0.10025177559596483,0.000781250008366436,0.0007812500187997089,0.0007812500191231928,0.0007812500099227249
1050,0.1600624096873591,0.002173913112104595,0.0021739130705390897,0.002173913062753375,0.002173913085433585,0.00217391311099049,0.002173913090303699,0.8008071547173626,0.0021739130821937964,0.0021739131246031936,0.0021739130693387418,0.002173913058686334,0.0021739130702464636,0.0021739130875498124,0.002173913126457531,0.0021739131313576626,0.0021739130729106046,0.0021739130738021896,0.0021739130697084465,0.002173913096298853
1055,0.0006329113994856209,0.0006329114080937924,0.0006329114040465255,0.000632911407720166,0.0006329114053495261,0.0006329114069825595,0.000632911402938409,0.0006329114031173796,0.0006329114010054371,0.0006329114004176129,0.0006329114026247393,0.0006329114070400756,0.0006329115149502813,0.0006329114063692784,0.0006329113975767205,0.0006329113999995166,0.0006329113981746996,0.000632911402967981,0.9879746832223175,0.0006329114088220946
1087,0.0001483679528254622,0.0001483679531259977,0.0001483679529624918,0.0001483679533288782,0.0001483679535127194,0.00014836795321569916,0.00014836795287957727,0.0001483679534694454,0.00014836796185311373,0.0001483679530756905,0.997181008879757,0.0001483679531787193,0.00014836795339861586,0.0001483679533589143,0.00014836795264996962,0.00014836795382160557,0.00014836795325264465,0.00014836795315931975,0.0001483679538191349,0.00014836795335502472
1118,0.00024630542087228195,0.00024630542380825265,0.00024630542141966115,0.0002463054248333182,0.9953201969519023,0.0002463054237624618,0.00024630542369467683,0.00024630542539206033,0.000246305420274047,0.00024630542354254993,0.0002463054229530135,0.00024630542182763933,0.0002463054217143695,0.00024630542279776527,0.0002463054204048102,0.0002463054221102687,0.0002463054229628791,0.00024630543867470143,0.0002463054232875256,0.0002463054237651662
1129,0.0001792114709988136,0.996594982044218,0.00017921147040726154,0.00017921147056313764,0.00017921147212249044,0.00017921147145270595,0.0001792114719175406,0.0001792114723325681,0.00017921147063454883,0.00017921147065973309,0.00017921147153448575,0.0001792114717038447,0.0001792114710757979,0.0001792114710799657,0.00017921147036026682,0.0001792114713765521,0.00017921147099884908,0.00017921147191520226,0.00017921147231627287,0.00017921147233185115
1142,0.00010351966929353532,0.00010351967026901349,0.00010351966924504573,0.00010351966971264847,0.00010351967005234934,0.00010351966985849733,0.9980331262705296,0.00010351967094620006,0.00010351966948746222,0.00010351967096354422,0.00010351967033356727,0.000103519670017418,0.00010351966985502641,0.00010351966984426306,0.00010351966940638567,0.00010351967021564601,0.00010351966972033503,0.00010351967014664706,0.00010351966995463797,0.0001035196701479211
1172,0.00028735632693299105,0.0002873563258668675,0.00028735632390872846,0.0002873563253132046,0.0002873563259294825,0.00028735632572407944,0.00028735632689026226,0.0002873563265891973,0.00028735632506346145,0.0002873563295147114,0.00028735632658552295,0.0002873563247729646,0.9945402298085925,0.0002873563256084125,0.0002873563225305214,0.0002873563282143684,0.000287356324440044,0.0002873563251597947,0.0002873563263937871,0.00028735632596905096
1180,0.00032679738919259285,0.8289604678762623,0.0003267973915409288,0.0003267973920964147,0.00032679739209065886,0.00032679738981452683,0.15167743810328563,0.00032679739116446457,0.0003267973947583021,0.00032679739204682104,0.0003267973934631988,0.00032679739084782,0.00032679739357006606,0.00032679739223186215,0.00032679738638919406,0.000326797388380666,0.013806538365440532,0.0003267973914638613,0.00032679739217276056,0.00032679739378732575
1181,8.635578632082861e-05,8.635578655913969e-05,8.635578652774342e-05,8.635578636737883e-05,8.635578661148105e-05,8.635578658833435e-05,8.635578674250903e-05,8.635578677954497e-05,8.635578638077428e-05,0.9983592400556596,8.635578673313758e-05,8.635578688914154e-05,8.635578654810603e-05,8.635578641619739e-05,8.635578620167181e-05,8.635578649795264e-05,8.635578643901582e-05,8.635578674091784e-05,8.635578651241143e-05,8.635578648369255e-05
1191,6.915629348797912e-05,6.915629435221956e-05,6.91562937309149e-05,6.915629388732878e-05,6.915629388134785e-05,6.915629384608202e-05,6.915629404097321e-05,6.915629377156025e-05,6.915629383810412e-05,6.915629474939201e-05,0.9986860304147341,6.915629383493489e-05,6.915629420688444e-05,6.915629416340113e-05,6.915629352300318e-05,6.915629377984894e-05,6.915629428034566e-05,6.915629428728341e-05,6.915629384544379e-05,6.91562937587661e-05
1200,8.21018068026976e-05,8.210180825454143e-05,8.210180679095837e-05,8.210180705752033e-05,8.210180717081706e-05,8.210180697005323e-05,8.210180690054323e-05,8.210180718242828e-05,8.210180674605262e-05,8.210180699886425e-05,8.210180709087408e-05,8.210180687675476e-05,8.2101807149143e-05,8.210180728042092e-05,8.210180654771136e-05,8.210180688914998e-05,0.9984400656660706,8.210180703884591e-05,8.210180711821348e-05,8.210180706383515e-05
1201,0.001851851877544813,0.0018518518881681476,0.0018518518824373951,0.001851851899609524,0.0018518518966874193,0.0018518518761381519,0.001851851870714612,0.9648148143075946,0.0018518518650360405,0.0018518518643223225,0.001851851886096496,0.0018518518907848923,0.0018518518794334788,0.0018518518779743916,0.0018518518620273343,0.0018518518691924332,0.001851851868192916,0.001851851879575132,0.0018518518833776285,0.001851851875092177
1216,9.469697035093498e-05,9.469697105671891e-05,9.469697007806294e-05,9.469697042442834e-05,9.469697100085256e-05,9.469697099639871e-05,9.469697096412978e-05,9.4696971823369e-05,9.469697086849034e-05,9.469697114513968e-05,9.469697121629264e-05,9.469697124522956e-05,9.469697069589434e-05,9.46969707121222e-05,9.469697022297792e-05,9.469697085031703e-05,9.469697048049939e-05,9.46969708492254e-05,0.9982007575541927,9.469697082615692e-05
1222,0.00017241379457759846,0.19705210393112216,0.0001724137946968818,0.00017241379588242968,0.0001724137972178537,0.00017241379664538535,0.00017241379597913298,0.00017241379732825483,0.00017241379671054102,0.00017241379600864965,0.7033578621861979,0.09665899934891205,0.00017241379616185005,0.00017241379606097704,0.0001724137962818202,0.00017241379561130918,0.0001724137952233183,0.000172413796567089,0.00017241379616906162,0.0001724137966457994
