term_str,n,p,i,n_chars,max_pos,n_pos,cat_pos,stop,dfidf,mean_tfidf,anger,anticipation,disgust,fear,joy,negative,positive,sadness,surprise,trust,sentiment,polarity
die,341,0.0044478067486663,7.812690178434632,3,NNP,3,"{'NNS', 'NN', 'NNP'}",0,23.095603495773776,0.0523459875129408,0,0,0,1,0,1,0,1,0,0,-1,-1
production,287,0.0037434619849478,8.061411180783116,10,NN,2,"{'NNP', 'NN'}",0,21.998669253453944,0.0253148400136562,0,1,0,0,0,0,1,0,0,0,1,1
quote,145,0.0018912961247994,9.04640901744387,5,NNP,2,"{'NN', 'NNP'}",0,22.961250709108757,0.0202079020521894,0,1,0,0,0,1,1,0,1,0,0,0
general,100,0.0013043421550341,9.58246191768408,7,NNP,1,{'NNP'},0,20.96910013008057,0.0154715179046576,0,0,0,0,0,0,1,0,0,1,1,1
art,97,0.001265211890383,9.626405265271677,3,NN,2,"{'NNP', 'NN'}",0,20.96910013008057,0.0183602510817398,0,1,0,0,1,0,1,1,1,0,1,1
management,97,0.001265211890383,9.626405265271677,10,NN,2,"{'NNP', 'NN'}",0,23.095603495773776,0.0140946265349498,0,0,0,0,0,0,1,0,0,1,1,1
delivery,96,0.0012521684688327,9.641355606737648,8,NN,2,"{'NNP', 'NN'}",0,23.924571601885862,0.014016516946552,0,1,0,0,0,0,1,0,0,0,1,1
strength,96,0.0012521684688327,9.641355606737648,8,NN,2,"{'NNP', 'NN'}",0,21.916819628456487,0.0139844653126636,0,0,0,0,0,0,1,0,0,1,1,1
iron,88,0.00114782109643,9.766886488821507,4,NN,2,"{'NNP', 'NN'}",0,19.78906568820645,0.0183662577205944,0,0,0,0,0,0,1,0,0,1,1,1
resistance,80,0.0010434737240272,9.904390012571442,10,NN,2,"{'NNP', 'NN'}",0,16.574737571142755,0.0133777515695538,1,0,0,0,0,1,0,0,0,0,-1,-1
assembly,79,0.0010304303024769,9.9225373592817,8,NN,2,"{'NNP', 'NN'}",0,21.47012098354481,0.0115785221644608,0,0,0,0,0,0,1,0,0,1,1,1
united,78,0.0010173868809266,9.940915888596557,6,NNP,1,{'NNP'},0,20.107642362210736,0.0157966450806267,0,0,0,0,0,0,1,0,0,1,1,1
expertise,76,0.0009913000378259,9.978390594015218,9,NN,2,"{'NNP', 'NN'}",0,23.219362683626795,0.0126891076734771,0,0,0,0,0,0,1,0,0,1,1,1
magnet,70,0.0009130395085238,10.097035090513838,6,NN,2,"{'NNP', 'NN'}",0,8.387640052032227,0.0217811064441596,0,0,0,0,0,0,1,0,0,1,1,1
leader,68,0.0008869526654231,10.138855266208465,6,NN,2,"{'NNP', 'NN'}",0,21.47012098354481,0.0093253375139138,0,0,0,0,0,0,1,0,0,1,1,1
weight,63,0.0008217355576714,10.249038183958888,6,NN,2,"{'NNP', 'NN'}",0,19.78906568820645,0.0097244762315145,0,1,1,1,1,1,1,1,1,1,0,0
level,54,0.0007043447637184,10.471430605295335,5,NN,2,"{'NNP', 'NN'}",0,20.96910013008057,0.0089584919741695,0,0,0,0,0,0,1,0,0,1,1,1
resources,51,0.0006652144990673,10.553892765487308,9,NNS,3,"{'NNS', 'NNPS', 'NNP'}",0,18.73035872987603,0.0093875520484436,0,0,0,0,1,0,1,0,0,1,1,1
shell,51,0.0006652144990673,10.553892765487308,5,NN,2,"{'NNP', 'NN'}",0,15.0,0.0121744848350798,1,0,0,1,0,1,0,1,1,0,-1,-1
operation,48,0.0006260842344163,10.641355606737648,9,NN,2,"{'NNP', 'NN'}",0,19.45378125959109,0.0099501608882818,0,0,0,1,0,0,0,0,0,1,0,0
success,47,0.000613040812866,10.671729255781168,7,NN,2,"{'NNP', 'NN'}",0,20.96910013008057,0.0086685351325501,0,1,0,0,1,0,1,0,0,0,1,1
content,47,0.000613040812866,10.671729255781168,7,NN,2,"{'NNP', 'NN'}",0,16.574737571142755,0.0087046780057178,0,0,0,0,1,0,1,0,0,1,1,1
purity,42,0.0005478237051143,10.834000684680044,6,NNP,2,"{'NN', 'NNP'}",0,8.387640052032227,0.0045542914164143,0,0,0,0,0,0,1,0,1,0,1,1
fabrication,42,0.0005478237051143,10.834000684680044,11,NN,2,"{'NNP', 'NN'}",0,17.931311250757002,0.0102122341828605,0,0,0,0,0,1,0,0,0,1,-1,-1
defense,41,0.0005347802835639,10.868766102840722,7,NN,2,"{'NNP', 'NN'}",0,15.551540422396103,0.0079369259048287,1,1,0,1,0,0,1,0,0,0,1,1
green,41,0.0005347802835639,10.868766102840722,5,NNP,2,"{'NN', 'NNP'}",0,15.0,0.0132985958385188,0,0,0,0,1,0,1,0,0,1,1,1
vision,41,0.0005347802835639,10.868766102840722,6,NN,2,"{'NNP', 'NN'}",0,18.34070872113645,0.0090936915320811,0,1,0,0,0,0,1,0,0,0,1,1
center,39,0.0005086934404633,10.940915888596557,6,NNP,2,"{'NN', 'NNP'}",0,15.551540422396103,0.0086196380901368,0,0,0,0,0,0,1,0,0,1,1,1
opportunity,37,0.0004826065973626,11.016864741829854,11,NN,2,"{'NNP', 'NN'}",0,19.45378125959109,0.0069782041386566,0,1,0,0,0,0,1,0,0,0,1,1
improvement,35,0.0004565197542619,11.097035090513838,11,NN,2,"{'NNP', 'NN'}",0,17.501225267834002,0.0063761239281136,0,0,0,0,1,0,1,0,0,1,1,1
problem,33,0.0004304329111612,11.181923988100351,7,NN,2,"{'NNP', 'NN'}",0,15.551540422396103,0.0065297777228862,0,0,0,1,0,1,0,1,0,0,-1,-1
president,33,0.0004304329111612,11.181923988100351,9,NNP,2,"{'NN', 'NNP'}",0,14.419485127284204,0.0059968967444233,0,0,0,0,0,0,1,0,0,1,1,1
rail,33,0.0004304329111612,11.181923988100351,4,NNP,2,"{'NN', 'NNP'}",0,5.096910013008056,0.0134442304264684,1,1,0,0,0,1,0,0,0,0,-1,-1
stone,32,0.0004173894896109,11.226318107458804,5,NN,2,"{'NNP', 'NN'}",0,6.296125070910875,0.0146339799913629,1,0,0,0,0,1,0,0,0,0,-1,-1
integrity,30,0.0003913026465102,11.319427511850286,9,NN,2,"{'NNP', 'NN'}",0,16.075919740515925,0.0055598639562295,0,0,0,0,0,0,1,0,0,1,1,1
career,30,0.0003913026465102,11.319427511850286,6,NN,2,"{'NNP', 'NN'}",0,14.419485127284204,0.0054389679424585,0,1,0,0,0,0,1,0,0,0,1,1
share,29,0.0003782592249598,11.368337112331233,5,NN,2,"{'NNP', 'NN'}",0,15.0,0.0065664765272288,0,1,0,0,1,0,1,0,0,1,1,1
assurance,28,0.0003652158034095,11.4189631854012,9,NN,2,"{'NNP', 'NN'}",0,15.551540422396103,0.0080353040897749,0,0,0,0,0,0,1,0,0,1,1,1
statement,28,0.0003652158034095,11.4189631854012,9,NNP,2,"{'NN', 'NNP'}",0,12.481684312872018,0.0063014318307799,0,0,0,0,0,0,1,0,0,1,1,1
wear,27,0.0003521723818592,11.471430605295335,4,NN,2,"{'NNP', 'NN'}",0,13.807922787734976,0.0064981357630153,0,0,0,0,0,1,0,0,0,1,-1,-1
title,27,0.0003521723818592,11.471430605295335,5,NNP,2,"{'NN', 'NNP'}",0,6.296125070910875,0.0061848799378355,0,0,0,0,0,0,1,0,0,1,1,1
structure,26,0.0003391289603088,11.525878389317713,9,NN,2,"{'NNP', 'NN'}",0,14.419485127284204,0.00675445365095,0,0,0,0,0,0,1,0,0,1,1,1
medical,23,0.0002999986956578,11.702756151401791,7,NNP,1,{'NNP'},0,13.162920156096678,0.0054952052558446,0,1,0,1,0,0,1,0,0,1,1,1
unique,23,0.0002999986956578,11.702756151401791,6,NNP,2,"{'NN', 'NNP'}",0,13.807922787734976,0.0114467931290773,0,0,0,0,0,0,1,0,1,0,1,1
excellent,23,0.0002999986956578,11.702756151401791,9,NNP,2,"{'NN', 'NNP'}",0,10.1840101765099,0.0049994175678217,0,0,0,0,1,0,1,0,0,1,1,1
top,22,0.0002869552741075,11.766886488821507,3,NN,2,"{'NNP', 'NN'}",0,12.481684312872018,0.0075306656443031,0,1,0,0,0,0,1,0,0,1,1,1
fee,22,0.0002869552741075,11.766886488821507,3,NNP,2,"{'NN', 'NNP'}",0,6.296125070910875,0.0092288890766426,1,0,0,0,0,1,0,0,0,0,-1,-1
university,21,0.0002739118525571,11.834000684680044,10,NNP,2,"{'NN', 'NNP'}",0,10.1840101765099,0.005726614815283,0,1,0,0,0,0,1,0,0,0,1,1
guide,21,0.0002739118525571,11.834000684680044,5,NN,2,"{'NNP', 'NN'}",0,8.387640052032227,0.0045430851192191,0,0,0,0,0,0,1,0,0,1,1,1
ram,20,0.0002608684310068,11.904390012571442,3,NNP,1,{'NNP'},0,5.096910013008056,0.0073352355742761,1,1,0,0,0,1,0,0,0,0,-1,-1
principal,20,0.0002608684310068,11.904390012571442,9,NNP,1,{'NNP'},0,2.1760912590556813,0.0056891274746553,0,0,0,0,0,0,1,0,0,1,1,1
award,19,0.0002478250094564,11.978390594015218,5,NNP,2,"{'NN', 'NNP'}",0,6.296125070910875,0.0036925238286664,0,1,0,0,1,0,1,0,1,1,1,1
compliance,19,0.0002478250094564,11.978390594015218,10,NN,2,"{'NNP', 'NN'}",0,15.0,0.0043592827568673,0,0,0,0,0,0,1,0,0,1,1,1
force,18,0.0002347815879061,12.056393106016492,5,NN,2,"{'NNP', 'NN'}",0,12.481684312872018,0.0033749246576024,1,0,0,1,0,1,0,0,0,0,-1,-1
excellence,18,0.0002347815879061,12.056393106016492,10,NN,2,"{'NNP', 'NN'}",0,15.0,0.0038878323320059,0,0,1,0,1,0,1,0,0,1,1,1
waste,17,0.0002217381663557,12.138855266208465,5,NN,2,"{'NNP', 'NN'}",0,8.387640052032227,0.0062262125996483,0,0,1,0,0,1,0,0,0,0,-1,-1
consistency,17,0.0002217381663557,12.138855266208465,11,NN,2,"{'NNP', 'NN'}",0,12.481684312872018,0.0047663503507253,0,0,0,0,0,0,1,0,0,1,1,1
suspension,17,0.0002217381663557,12.138855266208465,10,NNP,2,"{'NN', 'NNP'}",0,6.296125070910875,0.0070331714581802,0,0,0,1,0,1,0,0,0,0,-1,-1
expert,17,0.0002217381663557,12.138855266208465,6,NN,2,"{'NNP', 'NN'}",0,9.316952533289973,0.0106317899056016,0,0,0,0,0,0,1,0,0,1,1,1
scientific,17,0.0002217381663557,12.138855266208465,10,NNP,1,{'NNP'},0,3.7501225267834,0.0082445127918867,0,0,0,0,0,0,1,0,0,1,1,1
planning,17,0.0002217381663557,12.138855266208465,8,NN,2,"{'NNP', 'NN'}",0,8.387640052032227,0.0062397389612667,0,1,0,0,0,0,1,0,0,1,1,1
food,16,0.0002086947448054,12.226318107458804,4,NN,2,"{'NNP', 'NN'}",0,13.162920156096678,0.0059451041550083,0,0,0,0,1,0,1,0,0,1,1,1
agreement,16,0.0002086947448054,12.226318107458804,9,NN,2,"{'NNP', 'NN'}",0,10.1840101765099,0.0031423309498741,0,0,0,0,0,0,1,0,0,1,1,1
lost,16,0.0002086947448054,12.226318107458804,4,NNP,2,"{'NN', 'NNP'}",0,9.316952533289973,0.0034649298384511,0,0,0,0,0,1,0,1,0,0,-1,-1
slavery,16,0.0002086947448054,12.226318107458804,7,NNP,2,"{'NN', 'NNP'}",0,2.1760912590556813,0.0027307811878345,1,0,1,1,0,1,0,1,0,0,-1,-1
emergency,15,0.0001956513232551,12.319427511850286,9,NN,2,"{'NNP', 'NN'}",0,6.296125070910875,0.0037573047316979,0,0,0,1,0,1,0,1,1,0,-1,-1
treat,15,0.0001956513232551,12.319427511850286,5,NN,2,"{'NNP', 'NN'}",0,10.1840101765099,0.00525347593186,1,1,1,1,1,1,1,1,1,1,0,0
cad,15,0.0001956513232551,12.319427511850286,3,NNP,2,"{'NN', 'NNP'}",0,13.807922787734976,0.0092685242974569,1,0,1,0,0,1,0,0,0,0,-1,-1
pay,14,0.0001826079017047,12.4189631854012,3,NNP,2,"{'NN', 'NNP'}",0,6.296125070910875,0.0026559322603049,0,1,0,0,1,0,1,0,0,1,1,1
belt,14,0.0001826079017047,12.4189631854012,4,NN,2,"{'NNP', 'NN'}",0,7.385606273598312,0.0044025259839548,1,0,0,1,0,1,0,0,0,0,-1,-1
corporation,14,0.0001826079017047,12.4189631854012,11,NNP,2,"{'NN', 'NNP'}",0,12.481684312872018,0.0057389064219433,0,0,0,0,0,0,1,0,0,1,1,1
money,14,0.0001826079017047,12.4189631854012,5,NN,2,"{'NNP', 'NN'}",0,10.996638746547209,0.0037961890737489,1,1,0,0,1,0,1,0,1,1,1,1
reliability,14,0.0001826079017047,12.4189631854012,11,NN,2,"{'NNP', 'NN'}",0,13.807922787734976,0.0037254691026705,0,0,0,0,0,0,1,0,0,1,1,1
crushing,14,0.0001826079017047,12.4189631854012,8,NNP,2,"{'NN', 'NNP'}",0,2.1760912590556813,0.0061546015407635,1,0,1,1,0,1,0,0,0,0,-1,-1
understanding,14,0.0001826079017047,12.4189631854012,13,NN,2,"{'NNP', 'NN'}",0,11.760912590556812,0.0038387456005195,0,0,0,0,0,0,1,0,0,1,1,1
case,14,0.0001826079017047,12.4189631854012,4,NN,2,"{'NN', 'NNP'}",0,11.760912590556812,0.0038579231833934,0,0,0,1,0,1,0,1,0,0,-1,-1
respect,13,0.0001695644801544,12.525878389317713,7,NN,1,{'NN'},0,10.1840101765099,0.0017474677079389,0,1,0,0,1,0,1,0,0,1,1,1
good,13,0.0001695644801544,12.525878389317713,4,NNP,1,{'NNP'},0,6.296125070910875,0.0034578392047032,0,1,0,0,1,0,1,0,1,1,1,1
competition,13,0.0001695644801544,12.525878389317713,11,NN,1,{'NN'},0,13.162920156096678,0.0029305289917904,0,1,0,0,0,1,0,0,0,0,-1,-1
risk,13,0.0001695644801544,12.525878389317713,4,NN,1,{'NN'},0,10.996638746547209,0.0030601333447369,0,1,0,1,0,1,0,0,0,0,-1,-1
organization,13,0.0001695644801544,12.525878389317713,12,NN,2,"{'NNP', 'NN'}",0,11.760912590556812,0.0025988644740264,0,1,0,0,1,0,1,0,1,1,1,1
special,13,0.0001695644801544,12.525878389317713,7,NNP,1,{'NNP'},0,7.385606273598312,0.0037827780295828,0,0,0,0,1,0,1,0,0,0,1,1
loss,13,0.0001695644801544,12.525878389317713,4,NN,2,"{'NNP', 'NN'}",0,12.481684312872018,0.0032587567589332,1,0,0,1,0,1,0,1,0,0,-1,-1
cabinet,13,0.0001695644801544,12.525878389317713,7,NN,1,{'NN'},0,5.096910013008056,0.0035487144029962,0,0,0,0,0,0,1,0,0,1,1,1
court,13,0.0001695644801544,12.525878389317713,5,NNP,2,"{'NN', 'NNP'}",0,7.385606273598312,0.0040912674881553,1,1,0,1,0,0,0,0,0,0,0,0
shot,12,0.000156521058604,12.641355606737648,4,NN,2,"{'NNP', 'NN'}",0,10.1840101765099,0.0025519460408298,1,0,0,1,0,1,0,1,1,0,-1,-1
white,12,0.000156521058604,12.641355606737648,5,NNP,1,{'NNP'},0,9.316952533289973,0.0039515604302109,0,1,0,0,1,0,1,0,0,1,1,1
damage,12,0.000156521058604,12.641355606737648,6,NN,2,"{'NNP', 'NN'}",0,10.996638746547209,0.0046419818925788,1,0,1,0,0,1,0,1,0,0,-1,-1
durability,12,0.000156521058604,12.641355606737648,10,NN,2,"{'NNP', 'NN'}",0,10.996638746547209,0.0026744390636311,0,0,0,0,0,0,1,0,0,1,1,1
laser,12,0.000156521058604,12.641355606737648,5,NN,2,"{'NNP', 'NN'}",0,8.387640052032227,0.0049403135829769,0,0,0,0,0,0,1,0,0,1,1,1
john,12,0.000156521058604,12.641355606737648,4,NNP,1,{'NNP'},0,8.387640052032227,0.0031271117759368,0,0,1,0,0,1,0,0,0,0,-1,-1
inspired,12,0.000156521058604,12.641355606737648,8,NNP,1,{'NNP'},0,2.1760912590556813,0.0058029100241484,0,0,0,0,1,0,1,0,1,1,1,1
provide,12,0.000156521058604,12.641355606737648,7,NNP,1,{'NNP'},0,6.296125070910875,0.0038634876141021,0,0,0,0,0,0,1,0,0,1,1,1
warranty,12,0.000156521058604,12.641355606737648,8,NN,2,"{'NNP', 'NN'}",0,8.387640052032227,0.0036766364065287,0,0,0,0,0,0,1,0,0,1,1,1
pride,12,0.000156521058604,12.641355606737648,5,NN,1,{'NN'},0,13.162920156096678,0.0038102182604323,0,0,0,0,1,0,1,0,0,0,1,1
rod,11,0.0001434776370537,12.766886488821507,3,NN,2,"{'NNP', 'NN'}",0,8.387640052032227,0.0023243803426623,0,0,0,1,0,0,1,0,0,1,1,1
shock,11,0.0001434776370537,12.766886488821507,5,NN,2,"{'NNP', 'NN'}",0,3.7501225267834,0.00558053947438,1,0,0,1,0,1,0,0,1,0,-1,-1
depth,11,0.0001434776370537,12.766886488821507,5,NN,2,"{'NNP', 'NN'}",0,10.1840101765099,0.0024490891973244,0,0,0,0,0,0,1,0,0,1,1,1
lower,11,0.0001434776370537,12.766886488821507,5,NNP,1,{'NNP'},0,5.096910013008056,0.0028993292465299,0,0,0,0,0,1,0,1,0,0,-1,-1
discretion,11,0.0001434776370537,12.766886488821507,10,NN,1,{'NN'},0,7.385606273598312,0.0028548843747929,0,1,0,0,0,0,1,0,0,1,1,1
garden,11,0.0001434776370537,12.766886488821507,6,NNP,2,"{'NN', 'NNP'}",0,7.385606273598312,0.0040311641181768,0,0,0,0,1,0,1,0,0,0,1,1
demand,10,0.0001304342155034,12.904390012571442,6,NN,2,"{'NNP', 'NN'}",0,9.316952533289973,0.0024661253463179,1,0,0,0,0,1,0,0,0,0,-1,-1
completion,10,0.0001304342155034,12.904390012571442,10,NN,2,"{'NNP', 'NN'}",0,10.996638746547209,0.0034798934357421,0,1,0,0,1,0,1,0,0,0,1,1
error,10,0.0001304342155034,12.904390012571442,5,NN,1,{'NN'},0,8.387640052032227,0.0036710167563152,0,0,0,0,0,1,0,1,0,0,-1,-1
diverse,10,0.0001304342155034,12.904390012571442,7,NN,2,"{'NNP', 'NN'}",0,11.760912590556812,0.0029151701021263,0,0,0,0,0,1,1,0,0,0,0,0
experienced,10,0.0001304342155034,12.904390012571442,11,NNP,1,{'NNP'},0,8.387640052032227,0.0026864041364439,0,0,0,0,0,0,1,0,0,1,1,1
bottom,10,0.0001304342155034,12.904390012571442,6,NN,2,"{'NNP', 'NN'}",0,10.996638746547209,0.0034348841224689,0,0,0,0,0,1,0,1,0,0,-1,-1
interested,10,0.0001304342155034,12.904390012571442,10,NNP,1,{'NNP'},0,5.096910013008056,0.0038963789371471,0,0,1,0,0,0,1,1,0,0,1,1
inquiry,10,0.0001304342155034,12.904390012571442,7,NN,2,"{'NNP', 'NN'}",0,9.316952533289973,0.0061953240745845,0,1,0,0,0,0,1,0,0,0,1,1
congress,9,0.000117390793953,13.056393106016492,8,NNP,1,{'NNP'},0,2.1760912590556813,0.0059347943428791,0,0,1,0,0,0,0,0,0,1,0,0
damages,9,0.000117390793953,13.056393106016492,7,NNS,1,{'NNS'},0,7.385606273598312,0.0021036814496564,0,0,0,0,0,1,0,1,0,0,-1,-1
accredited,9,0.000117390793953,13.056393106016492,10,NNP,1,{'NNP'},0,2.1760912590556813,0.0026646015417008,0,0,0,0,0,0,1,0,0,1,1,1
gun,9,0.000117390793953,13.056393106016492,3,NNP,2,"{'NN', 'NNP'}",0,6.296125070910875,0.0054712559745859,1,0,0,1,0,1,0,0,0,0,-1,-1
progress,9,0.000117390793953,13.056393106016492,8,NN,2,"{'NNP', 'NN'}",0,6.296125070910875,0.0027112273118326,0,1,0,0,1,0,1,0,0,0,1,1
conservation,9,0.000117390793953,13.056393106016492,12,NN,2,"{'NNP', 'NN'}",0,7.385606273598312,0.0039371435860318,0,1,0,0,0,0,1,0,0,1,1,1
sewage,9,0.000117390793953,13.056393106016492,6,NN,2,"{'NNP', 'NN'}",0,3.7501225267834,0.0065478329832726,0,0,1,0,0,1,0,0,0,0,-1,-1
addresses,9,0.000117390793953,13.056393106016492,9,NNS,1,{'NNS'},0,5.096910013008056,0.0032454683416162,0,1,0,0,0,0,1,0,0,0,1,1
fully,9,0.000117390793953,13.056393106016492,5,NNP,1,{'NNP'},0,6.296125070910875,0.0046993805092765,0,0,0,0,0,0,1,0,0,1,1,1
hollow,9,0.000117390793953,13.056393106016492,6,NNP,2,"{'NN', 'NNP'}",0,6.296125070910875,0.0019797723391542,0,0,0,0,0,1,0,1,0,0,-1,-1
public,8,0.0001043473724027,13.226318107458804,6,NN,2,"{'NNP', 'NN'}",0,7.385606273598312,0.0020445713595957,0,1,0,0,0,0,1,0,0,0,1,1
providing,8,0.0001043473724027,13.226318107458804,9,NNP,1,{'NNP'},0,6.296125070910875,0.002283690664075,0,1,0,0,1,0,1,0,0,1,1,1
cutting,8,0.0001043473724027,13.226318107458804,7,NN,2,"{'NNP', 'NN'}",0,7.385606273598312,0.0056926718485462,1,0,1,1,0,1,0,1,0,0,-1,-1
alerts,8,0.0001043473724027,13.226318107458804,6,NNP,1,{'NNP'},0,2.1760912590556813,0.0023211640096593,0,1,0,1,0,0,0,0,1,0,0,0
scorpion,8,0.0001043473724027,13.226318107458804,8,NNP,2,"{'NN', 'NNP'}",0,2.1760912590556813,0.0008533691211983,1,0,1,1,0,1,0,0,1,0,-1,-1
passion,8,0.0001043473724027,13.226318107458804,7,NN,1,{'NN'},0,9.316952533289973,0.0035882568889278,0,1,0,0,1,0,1,0,0,1,1,1
majority,8,0.0001043473724027,13.226318107458804,8,NN,1,{'NN'},0,9.316952533289973,0.0021198348187142,0,0,0,0,1,0,1,0,0,1,1,1
accurate,8,0.0001043473724027,13.226318107458804,8,NN,2,"{'NNP', 'NN'}",0,7.385606273598312,0.0028884726265663,0,0,0,0,0,0,1,0,0,1,1,1
interior,8,0.0001043473724027,13.226318107458804,8,NN,2,"{'NNP', 'NN'}",0,9.316952533289973,0.002233220998781,0,0,1,0,0,0,1,0,0,1,1,1
peace,8,0.0001043473724027,13.226318107458804,5,NN,2,"{'NNP', 'NN'}",0,6.296125070910875,0.0021940940255815,0,1,0,0,1,0,1,0,0,1,1,1
fitting,8,0.0001043473724027,13.226318107458804,7,NN,2,"{'NNP', 'NN'}",0,3.7501225267834,0.0020455213782454,0,1,0,0,1,0,1,0,0,1,1,1
electric,8,0.0001043473724027,13.226318107458804,8,NNP,1,{'NNP'},0,7.385606273598312,0.0029754985067684,0,0,0,0,1,0,1,0,1,0,1,1
restriction,7,9.13039508523876e-05,13.4189631854012,11,NN,2,"{'NNP', 'NN'}",0,3.7501225267834,0.0021301716393633,1,0,0,1,0,1,0,1,0,0,-1,-1
septic,7,9.13039508523876e-05,13.4189631854012,6,NNP,1,{'NNP'},0,2.1760912590556813,0.004835758353457,0,0,1,0,0,1,0,0,0,0,-1,-1
visitor,7,9.13039508523876e-05,13.4189631854012,7,NN,2,"{'NNP', 'NN'}",0,3.7501225267834,0.0026151749590015,0,1,0,0,1,0,1,0,0,0,1,1
conflict,7,9.13039508523876e-05,13.4189631854012,8,NN,2,"{'NNP', 'NN'}",0,9.316952533289973,0.0018520551672729,1,0,0,1,0,1,0,1,0,0,-1,-1
labor,7,9.13039508523876e-05,13.4189631854012,5,NN,1,{'NN'},0,8.387640052032227,0.0016553823297263,0,1,0,0,1,0,1,0,1,1,1,1
winner,7,9.13039508523876e-05,13.4189631854012,6,NNP,2,"{'NN', 'NNP'}",0,3.7501225267834,0.0031024235707787,0,1,0,0,1,0,1,0,1,0,1,1
objective,7,9.13039508523876e-05,13.4189631854012,9,NN,1,{'NN'},0,7.385606273598312,0.0017044280647408,0,1,0,0,0,0,1,0,0,1,1,1
instructions,7,9.13039508523876e-05,13.4189631854012,12,NNS,2,"{'NNS', 'NNPS'}",0,9.316952533289973,0.001766086389952,0,1,0,0,0,0,0,0,0,1,0,0
guarantee,7,9.13039508523876e-05,13.4189631854012,9,NN,1,{'NN'},0,7.385606273598312,0.0037245090223171,0,0,0,0,0,0,1,0,0,1,1,1
director,7,9.13039508523876e-05,13.4189631854012,8,NNP,2,"{'NN', 'NNP'}",0,7.385606273598312,0.0046159995004919,0,0,0,0,0,0,1,0,0,1,1,1
wealth,7,9.13039508523876e-05,13.4189631854012,6,NN,2,"{'NNP', 'NN'}",0,7.385606273598312,0.0011800129740514,0,0,0,0,1,0,1,0,0,1,1,1
resistant,7,9.13039508523876e-05,13.4189631854012,9,NNP,2,"{'NN', 'NNP'}",0,9.316952533289973,0.005470612994067,0,0,0,1,0,1,0,0,0,0,-1,-1
journey,7,9.13039508523876e-05,13.4189631854012,7,NN,2,"{'NNP', 'NN'}",0,6.296125070910875,0.0033245273573452,0,1,0,1,1,0,1,0,0,0,1,1
war,7,9.13039508523876e-05,13.4189631854012,3,NNP,2,"{'NN', 'NNP'}",0,7.385606273598312,0.0017234190807337,0,0,0,1,0,1,0,0,0,0,-1,-1
toughness,7,9.13039508523876e-05,13.4189631854012,9,NN,1,{'NN'},0,7.385606273598312,0.0019173919637983,1,0,0,1,0,0,1,0,0,1,1,1
pound,6,7.826052930204651e-05,13.641355606737648,5,NN,1,{'NN'},0,8.387640052032227,0.0019494126277634,1,0,0,0,0,1,0,0,0,0,-1,-1
renovation,6,7.826052930204651e-05,13.641355606737648,10,NN,2,"{'NNP', 'NN'}",0,3.7501225267834,0.0037389614478346,0,1,0,0,1,0,1,0,0,0,1,1
blast,6,7.826052930204651e-05,13.641355606737648,5,NN,2,"{'NNP', 'NN'}",0,6.296125070910875,0.0028333246660205,1,0,0,1,0,1,0,0,1,0,-1,-1
surcharge,6,7.826052930204651e-05,13.641355606737648,9,NN,1,{'NN'},0,2.1760912590556813,0.0124348071946038,1,0,0,0,0,1,0,0,0,0,-1,-1
curiosity,6,7.826052930204651e-05,13.641355606737648,9,NN,1,{'NN'},0,5.096910013008056,0.0020349321359365,0,1,0,0,0,0,1,0,1,0,1,1
bear,6,7.826052930204651e-05,13.641355606737648,4,NNP,1,{'NNP'},0,2.1760912590556813,0.0029014550120742,1,0,0,1,0,0,0,0,0,0,0,0
government,6,7.826052930204651e-05,13.641355606737648,10,NNP,2,"{'NN', 'NNP'}",0,6.296125070910875,0.0019772828490009,0,0,0,1,0,1,0,0,0,0,-1,-1
stark,6,7.826052930204651e-05,13.641355606737648,5,NNP,1,{'NNP'},0,2.1760912590556813,0.001892253268744,0,0,0,0,0,1,0,0,0,1,-1,-1
importance,6,7.826052930204651e-05,13.641355606737648,10,NN,1,{'NN'},0,6.296125070910875,0.0020772442942285,0,1,0,0,0,0,1,0,0,0,1,1
black,6,7.826052930204651e-05,13.641355606737648,5,NNP,1,{'NNP'},0,7.385606273598312,0.0035301057232358,0,0,0,0,0,1,0,1,0,0,-1,-1
store,6,7.826052930204651e-05,13.641355606737648,5,NN,1,{'NN'},0,6.296125070910875,0.0021087983009941,0,1,0,0,0,0,1,0,0,0,1,1
credit,6,7.826052930204651e-05,13.641355606737648,6,NN,1,{'NN'},0,8.387640052032227,0.002014766102242,0,0,0,0,0,0,1,0,0,1,1,1
partnership,6,7.826052930204651e-05,13.641355606737648,11,NN,1,{'NN'},0,7.385606273598312,0.002286413151568,0,0,0,0,0,0,1,0,0,1,1,1
gray,6,7.826052930204651e-05,13.641355606737648,4,NNP,2,"{'NN', 'NNP'}",0,5.096910013008056,0.0034680562310732,0,0,1,0,0,0,0,1,0,0,0,0
formula,6,7.826052930204651e-05,13.641355606737648,7,NN,1,{'NN'},0,2.1760912590556813,0.0051202147271898,0,0,0,0,0,0,1,0,0,1,1,1
acrobat,6,7.826052930204651e-05,13.641355606737648,7,NNP,1,{'NNP'},0,5.096910013008056,0.0035764032444216,0,0,0,1,1,0,1,0,0,1,1,1
defect,6,7.826052930204651e-05,13.641355606737648,6,NN,2,"{'NNP', 'NN'}",0,5.096910013008056,0.001753540031071,1,0,0,0,0,1,0,0,0,0,-1,-1
don,6,7.826052930204651e-05,13.641355606737648,3,NNP,1,{'NNP'},1,3.7501225267834,0.0051866496485426,0,0,0,0,0,0,1,0,0,1,1,1
advance,6,7.826052930204651e-05,13.641355606737648,7,NN,2,"{'NNP', 'NN'}",0,5.096910013008056,0.0019136970734419,0,1,0,1,1,0,1,0,1,0,1,1
launch,6,7.826052930204651e-05,13.641355606737648,6,NN,1,{'NN'},0,8.387640052032227,0.001983492580292,0,1,0,0,0,0,1,0,0,0,1,1
scholarship,6,7.826052930204651e-05,13.641355606737648,11,NNP,2,"{'NN', 'NNP'}",0,2.1760912590556813,0.0016423330257024,0,0,0,0,1,0,1,0,0,0,1,1
failure,6,7.826052930204651e-05,13.641355606737648,7,NN,1,{'NN'},0,7.385606273598312,0.0022021131872474,0,0,1,1,0,1,0,1,0,0,-1,-1
efficient,5,6.521710775170542e-05,13.904390012571442,9,NN,2,"{'NNP', 'NN'}",0,7.385606273598312,0.001469989927493,0,1,0,0,0,0,1,0,0,1,1,1
veteran,5,6.521710775170542e-05,13.904390012571442,7,NN,2,"{'NNP', 'NN'}",0,6.296125070910875,0.0022529766206312,0,0,0,0,0,0,1,0,0,1,1,1
calls,5,6.521710775170542e-05,13.904390012571442,5,NNS,1,{'NNS'},0,7.385606273598312,0.003045587866066,0,1,0,0,0,1,0,0,0,1,-1,-1
watch,5,6.521710775170542e-05,13.904390012571442,5,NNP,1,{'NNP'},0,3.7501225267834,0.0039882255443569,0,1,0,1,0,0,0,0,0,0,0,0
manage,5,6.521710775170542e-05,13.904390012571442,6,NN,2,"{'NNP', 'NN'}",0,6.296125070910875,0.0018955505614723,0,0,0,0,0,0,1,0,0,1,1,1
luxury,5,6.521710775170542e-05,13.904390012571442,6,NN,1,{'NN'},0,2.1760912590556813,0.0014222818686638,0,0,0,0,1,0,1,0,0,0,1,1
expectation,5,6.521710775170542e-05,13.904390012571442,11,NN,1,{'NN'},0,6.296125070910875,0.0014428299189866,0,1,0,0,0,0,1,0,0,0,1,1
shanghai,5,6.521710775170542e-05,13.904390012571442,8,NNP,1,{'NNP'},0,3.7501225267834,0.0021999553284549,0,0,1,1,0,1,0,0,0,0,-1,-1
engaging,5,6.521710775170542e-05,13.904390012571442,8,NN,1,{'NN'},0,2.1760912590556813,0.0010667114014978,0,0,0,0,1,0,1,0,0,1,1,1
professional,5,6.521710775170542e-05,13.904390012571442,12,NNP,2,"{'NN', 'NNP'}",0,6.296125070910875,0.001151664122699,0,0,0,0,0,0,1,0,0,1,1,1
proud,5,6.521710775170542e-05,13.904390012571442,5,NNP,2,"{'NN', 'NNP'}",0,6.296125070910875,0.002225240331775,0,1,0,0,1,0,1,0,0,1,1,1
confidence,5,6.521710775170542e-05,13.904390012571442,10,NN,1,{'NN'},0,7.385606273598312,0.0014444782494326,0,0,0,1,1,0,1,0,0,1,1,1
fortune,5,6.521710775170542e-05,13.904390012571442,7,NNP,1,{'NNP'},0,3.7501225267834,0.0005991481161164,0,1,0,0,1,0,1,0,1,1,1,1
cash,5,6.521710775170542e-05,13.904390012571442,4,NNP,2,"{'NN', 'NNP'}",0,5.096910013008056,0.0037178654415872,1,1,0,1,1,0,1,0,0,1,1,1
termination,5,6.521710775170542e-05,13.904390012571442,11,NN,1,{'NN'},0,3.7501225267834,0.0018314551874988,0,0,0,0,0,1,0,1,0,0,-1,-1
prestige,5,6.521710775170542e-05,13.904390012571442,8,NNP,1,{'NNP'},0,2.1760912590556813,0.0013432662092936,0,0,0,0,1,0,1,0,0,1,1,1
limited,4,5.217368620136434e-05,14.226318107458804,7,NNP,1,{'NNP'},0,5.096910013008056,0.0022903069301608,1,0,0,0,0,1,0,1,0,0,-1,-1
rack,4,5.217368620136434e-05,14.226318107458804,4,NN,2,"{'NNP', 'NN'}",0,5.096910013008056,0.0016488869883351,0,0,0,0,0,1,0,1,0,0,-1,-1
boy,4,5.217368620136434e-05,14.226318107458804,3,NNP,1,{'NNP'},0,2.1760912590556813,0.0019343033413828,0,0,1,0,0,1,0,0,0,0,-1,-1
pinion,4,5.217368620136434e-05,14.226318107458804,6,NN,1,{'NN'},0,2.1760912590556813,0.0009671516706914,0,0,0,1,0,1,0,0,0,0,-1,-1
word,4,5.217368620136434e-05,14.226318107458804,4,NN,2,"{'NNP', 'NN'}",0,6.296125070910875,0.000798063821506,0,0,0,0,0,0,1,0,0,1,1,1
serve,4,5.217368620136434e-05,14.226318107458804,5,NNP,2,"{'NN', 'NNP'}",0,6.296125070910875,0.0010069170609728,0,0,0,0,0,1,0,0,0,1,-1,-1
procedure,4,5.217368620136434e-05,14.226318107458804,9,NN,1,{'NN'},0,6.296125070910875,0.0014235723965478,0,0,0,1,0,0,1,0,0,0,1,1
frank,4,5.217368620136434e-05,14.226318107458804,5,NNP,1,{'NNP'},0,3.7501225267834,0.0030449712824309,0,0,0,0,0,0,1,0,0,1,1,1
freedom,4,5.217368620136434e-05,14.226318107458804,7,NN,2,"{'NNP', 'NN'}",0,6.296125070910875,0.0014814411931555,0,0,0,0,1,0,1,0,0,1,1,1
gift,4,5.217368620136434e-05,14.226318107458804,4,NN,1,{'NN'},0,5.096910013008056,0.0017734974718464,0,1,0,0,1,0,1,0,1,0,1,1
tree,4,5.217368620136434e-05,14.226318107458804,4,NN,1,{'NN'},0,2.1760912590556813,0.001137825494931,1,1,1,0,1,0,1,0,1,1,1,1
legal,4,5.217368620136434e-05,14.226318107458804,5,NNP,1,{'NNP'},0,5.096910013008056,0.0038963789371471,0,0,0,0,0,0,1,0,0,1,1,1
count,4,5.217368620136434e-05,14.226318107458804,5,NN,1,{'NN'},0,6.296125070910875,0.0029787003656735,0,0,0,0,0,0,1,0,0,1,1,1
guidance,4,5.217368620136434e-05,14.226318107458804,8,NN,2,"{'NNP', 'NN'}",0,5.096910013008056,0.001211828655575,0,0,0,0,0,0,1,0,0,1,1,1
soil,4,5.217368620136434e-05,14.226318107458804,4,NN,1,{'NN'},0,3.7501225267834,0.0019420277370842,0,0,1,0,0,1,0,0,0,0,-1,-1
fits,4,5.217368620136434e-05,14.226318107458804,4,NNS,1,{'NNS'},0,3.7501225267834,0.0015160069789124,1,0,0,0,0,1,0,0,0,0,-1,-1
complement,4,5.217368620136434e-05,14.226318107458804,10,NN,1,{'NN'},0,3.7501225267834,0.0013132077997158,0,1,0,0,1,0,1,0,1,1,1,1
safe,4,5.217368620136434e-05,14.226318107458804,4,NNP,1,{'NNP'},0,5.096910013008056,0.0011848608777284,0,0,0,0,1,0,1,0,0,1,1,1
inability,4,5.217368620136434e-05,14.226318107458804,9,NN,1,{'NN'},0,5.096910013008056,0.0009670026902149,0,0,0,0,0,1,0,1,0,0,-1,-1
beautiful,4,5.217368620136434e-05,14.226318107458804,9,NN,1,{'NN'},0,5.096910013008056,0.0013977637208875,0,0,0,0,1,0,1,0,0,0,1,1
facts,4,5.217368620136434e-05,14.226318107458804,5,NNP,2,"{'NNS', 'NNP'}",0,6.296125070910875,0.0010856123730005,0,0,0,0,0,0,1,0,0,1,1,1
firearms,4,5.217368620136434e-05,14.226318107458804,8,NNP,2,"{'NNS', 'NNP'}",0,5.096910013008056,0.0014115180086529,1,0,0,1,0,1,0,0,0,0,-1,-1
sex,3,3.913026465102326e-05,14.641355606737648,3,NN,1,{'NN'},0,2.1760912590556813,0.0024178791767285,0,1,0,0,1,0,1,0,0,1,1,1
determination,3,3.913026465102326e-05,14.641355606737648,13,NN,1,{'NN'},0,5.096910013008056,0.0015178228097098,0,0,0,0,0,0,1,0,0,1,1,1
perfect,3,3.913026465102326e-05,14.641355606737648,7,NNP,1,{'NNP'},0,5.096910013008056,0.0014213605265033,0,1,0,0,1,0,1,0,0,1,1,1
pilot,3,3.913026465102326e-05,14.641355606737648,5,NN,1,{'NN'},0,3.7501225267834,0.0032586534776892,0,0,0,0,0,0,1,0,0,1,1,1
impotence,3,3.913026465102326e-05,14.641355606737648,9,NN,1,{'NN'},0,2.1760912590556813,0.0024178791767285,1,0,0,1,0,1,0,1,0,0,-1,-1
brother,3,3.913026465102326e-05,14.641355606737648,7,NN,1,{'NN'},0,2.1760912590556813,0.0016739163531197,0,0,0,0,0,0,1,0,0,1,1,1
offset,3,3.913026465102326e-05,14.641355606737648,6,NNP,2,"{'NN', 'NNP'}",0,3.7501225267834,0.0011496147280837,0,1,0,0,0,0,1,0,0,0,1,1
officer,3,3.913026465102326e-05,14.641355606737648,7,NNP,2,"{'NN', 'NNP'}",0,5.096910013008056,0.0013741669152717,0,0,0,0,0,0,1,0,0,1,1,1
exchange,3,3.913026465102326e-05,14.641355606737648,8,NN,1,{'NN'},0,3.7501225267834,0.0008379394656915,0,0,0,0,0,0,1,0,0,1,1,1
honor,3,3.913026465102326e-05,14.641355606737648,5,NN,1,{'NN'},0,2.1760912590556813,0.0005120214727189,0,0,0,0,0,0,1,0,0,1,1,1
violation,3,3.913026465102326e-05,14.641355606737648,9,NN,1,{'NN'},0,5.096910013008056,0.0008304424534598,1,0,0,1,0,1,0,1,1,0,-1,-1
deal,3,3.913026465102326e-05,14.641355606737648,4,NN,1,{'NN'},0,5.096910013008056,0.0006151628397998,0,1,0,0,1,0,1,0,1,1,1,1
beauty,3,3.913026465102326e-05,14.641355606737648,6,NN,1,{'NN'},0,5.096910013008056,0.0010255534748395,0,0,0,0,1,0,1,0,0,0,1,1
highest,3,3.913026465102326e-05,14.641355606737648,7,NNP,1,{'NNP'},0,5.096910013008056,0.0012072784268537,0,1,0,1,1,1,1,0,1,0,0,0
responsive,3,3.913026465102326e-05,14.641355606737648,10,NN,2,"{'NNP', 'NN'}",0,5.096910013008056,0.0011671343085342,0,1,0,0,0,0,1,0,0,1,1,1
author,3,3.913026465102326e-05,14.641355606737648,6,NN,2,"{'NNP', 'NN'}",0,5.096910013008056,0.0007935141424863,0,0,0,0,0,0,1,0,0,1,1,1
delay,3,3.913026465102326e-05,14.641355606737648,5,NN,1,{'NN'},0,3.7501225267834,0.0009848806635996,1,0,1,1,0,1,0,1,0,0,-1,-1
kind,3,3.913026465102326e-05,14.641355606737648,4,NN,1,{'NN'},0,5.096910013008056,0.0014510738925922,0,0,0,0,1,0,1,0,0,1,1,1
soundness,3,3.913026465102326e-05,14.641355606737648,9,NN,1,{'NN'},0,5.096910013008056,0.0013022071543041,0,1,0,0,1,0,1,0,0,1,1,1
punch,3,3.913026465102326e-05,14.641355606737648,5,NNP,2,"{'NN', 'NNP'}",0,5.096910013008056,0.0023963122682721,1,0,0,1,0,1,0,1,1,0,-1,-1
fighting,3,3.913026465102326e-05,14.641355606737648,8,NNP,1,{'NNP'},0,2.1760912590556813,0.0043521825181113,1,0,0,0,0,1,0,0,0,0,-1,-1
prevention,3,3.913026465102326e-05,14.641355606737648,10,NN,1,{'NN'},0,3.7501225267834,0.0008631234387041,0,1,0,0,0,0,1,0,0,0,1,1
execution,3,3.913026465102326e-05,14.641355606737648,9,NN,1,{'NN'},0,5.096910013008056,0.0018391647319665,1,0,0,1,0,1,0,1,0,1,-1,-1
cross,3,3.913026465102326e-05,14.641355606737648,5,NN,1,{'NN'},0,5.096910013008056,0.0009196376675122,1,0,0,1,0,1,0,1,0,0,-1,-1
challenge,3,3.913026465102326e-05,14.641355606737648,9,NNP,2,"{'NN', 'NNP'}",0,5.096910013008056,0.0007203941118856,1,0,0,1,0,1,0,0,0,0,-1,-1
urgency,3,3.913026465102326e-05,14.641355606737648,7,NN,1,{'NN'},0,3.7501225267834,0.0006457481391782,0,1,0,1,0,0,0,0,1,0,0,0
appreciation,3,3.913026465102326e-05,14.641355606737648,12,NN,1,{'NN'},0,5.096910013008056,0.0011611837298592,0,0,0,0,1,0,1,0,0,1,1,1
fun,3,3.913026465102326e-05,14.641355606737648,3,NNP,1,{'NNP'},0,2.1760912590556813,0.0020724678657673,0,1,0,0,1,0,1,0,0,0,1,1
pledge,3,3.913026465102326e-05,14.641355606737648,6,NN,1,{'NN'},0,5.096910013008056,0.0012477783365178,0,0,0,0,1,0,1,0,0,1,1,1
shopping,3,3.913026465102326e-05,14.641355606737648,8,NN,1,{'NN'},0,3.7501225267834,0.0015160069789124,0,1,0,0,1,0,1,0,1,1,1,1
seal,3,3.913026465102326e-05,14.641355606737648,4,NNP,2,"{'NN', 'NNP'}",0,3.7501225267834,0.0021954122319281,0,0,0,0,0,0,1,0,0,1,1,1
row,3,3.913026465102326e-05,14.641355606737648,3,NN,2,"{'NNP', 'NN'}",0,2.1760912590556813,0.0011453111889766,1,0,0,0,0,1,0,0,0,0,-1,-1
outstanding,3,3.913026465102326e-05,14.641355606737648,11,NNP,1,{'NNP'},0,5.096910013008056,0.0017419406393663,0,0,0,0,1,1,1,0,0,0,0,0
default,3,3.913026465102326e-05,14.641355606737648,7,NNP,1,{'NNP'},0,2.1760912590556813,0.0009067046912732,0,0,1,1,0,1,0,1,0,0,-1,-1
threat,3,3.913026465102326e-05,14.641355606737648,6,NN,1,{'NN'},0,3.7501225267834,0.000630272693577,1,0,0,1,0,1,0,0,0,0,-1,-1
recreation,3,3.913026465102326e-05,14.641355606737648,10,NN,2,"{'NNP', 'NN'}",0,3.7501225267834,0.0025641863430997,0,1,0,0,1,0,1,0,0,0,1,1
honesty,3,3.913026465102326e-05,14.641355606737648,7,NN,1,{'NN'},0,5.096910013008056,0.0018632282875835,0,0,0,0,0,0,1,0,0,1,1,1
faith,3,3.913026465102326e-05,14.641355606737648,5,NN,1,{'NN'},0,5.096910013008056,0.0010004544853119,0,1,0,0,1,0,1,0,0,1,1,1
daughter,3,3.913026465102326e-05,14.641355606737648,8,NN,1,{'NN'},0,3.7501225267834,0.0008505137806122,0,0,0,0,1,0,1,0,0,0,1,1
comfort,3,3.913026465102326e-05,14.641355606737648,7,NN,1,{'NN'},0,3.7501225267834,0.0012500408422611,0,1,0,0,1,0,1,0,0,1,1,1
cement,2,2.608684310068217e-05,15.226318107458804,6,NN,1,{'NN'},0,2.1760912590556813,0.0041449357315346,0,1,0,0,0,0,0,0,0,1,0,0
guillotine,2,2.608684310068217e-05,15.226318107458804,10,NNP,1,{'NNP'},0,2.1760912590556813,0.0006307510895813,1,1,1,1,0,1,0,1,0,0,-1,-1
petroleum,2,2.608684310068217e-05,15.226318107458804,9,NN,1,{'NN'},0,3.7501225267834,0.0022665575711328,0,0,1,0,0,1,1,0,0,0,0,0
save,2,2.608684310068217e-05,15.226318107458804,4,NN,2,"{'NNP', 'NN'}",0,3.7501225267834,0.0012917088703365,0,0,0,0,1,0,1,0,0,1,1,1
grit,2,2.608684310068217e-05,15.226318107458804,4,NN,2,"{'NN', 'NNP'}",0,2.1760912590556813,0.0009359532297013,0,0,0,0,0,0,1,0,0,1,1,1
armed,2,2.608684310068217e-05,15.226318107458804,5,NN,2,"{'NN', 'NNP'}",0,3.7501225267834,0.0008840239207057,1,0,0,1,0,1,1,0,0,0,0,0
loyalty,2,2.608684310068217e-05,15.226318107458804,7,NN,1,{'NN'},0,2.1760912590556813,0.0010746129674349,0,0,0,0,0,0,1,0,0,1,1,1
captive,2,2.608684310068217e-05,15.226318107458804,7,NNP,1,{'NNP'},0,2.1760912590556813,0.0005474443419008,0,0,0,1,0,1,0,1,0,0,-1,-1
sag,2,2.608684310068217e-05,15.226318107458804,3,NNP,1,{'NNP'},0,2.1760912590556813,0.0008792287915376,0,0,0,1,0,1,0,0,0,0,-1,-1
deterioration,2,2.608684310068217e-05,15.226318107458804,13,NN,1,{'NN'},0,3.7501225267834,0.0025000816845222,1,0,1,1,0,1,0,1,0,0,-1,-1
authorization,2,2.608684310068217e-05,15.226318107458804,13,NN,1,{'NN'},0,3.7501225267834,0.0003578809044646,0,0,0,0,0,0,1,0,0,1,1,1
disability,2,2.608684310068217e-05,15.226318107458804,10,NN,1,{'NN'},0,3.7501225267834,0.0006988348524171,0,0,0,0,0,1,0,1,0,0,-1,-1
indemnity,2,2.608684310068217e-05,15.226318107458804,9,NN,1,{'NN'},0,3.7501225267834,0.0007073874533725,0,0,0,0,0,0,1,0,0,1,1,1
celebrating,2,2.608684310068217e-05,15.226318107458804,11,NNP,1,{'NNP'},0,3.7501225267834,0.0005075353795646,0,1,0,0,1,0,1,0,0,0,1,1
expect,2,2.608684310068217e-05,15.226318107458804,6,NNP,1,{'NNP'},0,3.7501225267834,0.0008040571455367,0,1,0,0,0,0,1,0,1,1,1,1
develop,2,2.608684310068217e-05,15.226318107458804,7,NN,2,"{'NN', 'NNP'}",0,3.7501225267834,0.0007169351889438,0,1,0,0,0,0,1,0,0,0,1,1
wireless,2,2.608684310068217e-05,15.226318107458804,8,NN,1,{'NN'},0,3.7501225267834,0.0009252753293207,1,1,0,0,0,0,1,0,1,0,1,1
lion,2,2.608684310068217e-05,15.226318107458804,4,NNP,1,{'NNP'},0,2.1760912590556813,0.0009671516706914,0,0,0,1,0,0,1,0,0,0,1,1
church,2,2.608684310068217e-05,15.226318107458804,6,NNP,1,{'NNP'},0,2.1760912590556813,0.0009671516706914,0,1,0,0,1,0,1,0,0,1,1,1
elimination,2,2.608684310068217e-05,15.226318107458804,11,NNP,1,{'NNP'},0,2.1760912590556813,0.0011159442354131,1,0,1,1,0,1,0,1,0,0,-1,-1
fault,2,2.608684310068217e-05,15.226318107458804,5,NN,1,{'NN'},0,3.7501225267834,0.0010171322891039,0,0,0,0,0,1,0,1,0,0,-1,-1
swelling,2,2.608684310068217e-05,15.226318107458804,8,NN,1,{'NN'},0,3.7501225267834,0.0009114881141487,0,0,0,1,0,1,0,0,0,0,-1,-1
noble,2,2.608684310068217e-05,15.226318107458804,5,NNP,1,{'NNP'},0,2.1760912590556813,0.0009671516706914,0,0,0,0,0,0,1,0,0,1,1,1
angel,2,2.608684310068217e-05,15.226318107458804,5,NNP,1,{'NNP'},0,2.1760912590556813,0.0009671516706914,0,1,0,0,1,0,1,0,1,1,1,1
parade,2,2.608684310068217e-05,15.226318107458804,6,NNP,1,{'NNP'},0,2.1760912590556813,0.0009671516706914,0,1,0,1,1,1,1,0,1,0,0,0
advent,2,2.608684310068217e-05,15.226318107458804,6,NN,2,"{'NN', 'NNP'}",0,3.7501225267834,0.0009957651090558,0,1,0,0,1,0,1,0,0,1,1,1
mother,2,2.608684310068217e-05,15.226318107458804,6,NNP,1,{'NNP'},0,2.1760912590556813,0.0009671516706914,0,1,0,0,1,1,1,1,0,1,0,0
cooperation,2,2.608684310068217e-05,15.226318107458804,11,NN,1,{'NN'},0,3.7501225267834,0.0008378652131912,0,0,0,0,0,0,1,0,0,1,1,1
depression,2,2.608684310068217e-05,15.226318107458804,10,NNP,1,{'NNP'},0,3.7501225267834,0.0007467510759825,0,0,0,0,0,1,0,1,0,0,-1,-1
accountability,2,2.608684310068217e-05,15.226318107458804,14,NN,2,"{'NNP', 'NN'}",0,3.7501225267834,0.0009166966176581,0,0,0,0,0,0,1,0,0,1,1,1
graduation,2,2.608684310068217e-05,15.226318107458804,10,NN,1,{'NN'},0,2.1760912590556813,0.0011159442354131,0,1,0,1,1,0,1,0,1,1,1,1
intervention,2,2.608684310068217e-05,15.226318107458804,12,NN,1,{'NN'},0,3.7501225267834,0.0007648851307541,0,0,0,0,0,1,1,1,0,0,0,0
retirement,2,2.608684310068217e-05,15.226318107458804,10,NN,1,{'NN'},0,3.7501225267834,0.0007576005104612,0,1,0,1,1,1,1,1,0,1,0,0
trophy,2,2.608684310068217e-05,15.226318107458804,6,NN,2,"{'NN', 'NNP'}",0,2.1760912590556813,0.0020724678657673,0,1,0,0,1,0,1,0,1,1,1,1
alarm,2,2.608684310068217e-05,15.226318107458804,5,NN,1,{'NN'},0,2.1760912590556813,0.0024178791767285,0,0,0,1,0,1,0,0,1,0,-1,-1
shrink,2,2.608684310068217e-05,15.226318107458804,6,NN,1,{'NN'},0,2.1760912590556813,0.0019343033413828,0,0,0,1,0,1,0,1,0,0,-1,-1
volunteer,2,2.608684310068217e-05,15.226318107458804,9,NN,1,{'NN'},0,3.7501225267834,0.0006406459316588,0,1,0,1,1,0,1,0,0,1,1,1
words,2,2.608684310068217e-05,15.226318107458804,5,NNS,1,{'NNS'},0,3.7501225267834,0.0008854455966016,1,0,0,0,0,1,0,0,0,0,-1,-1
promise,2,2.608684310068217e-05,15.226318107458804,7,NN,1,{'NN'},0,3.7501225267834,0.000945543714018,0,0,0,0,1,0,1,0,0,1,1,1
receiving,2,2.608684310068217e-05,15.226318107458804,9,NN,1,{'NN'},0,3.7501225267834,0.0005508994096503,0,1,0,0,1,0,1,0,1,0,1,1
bonus,2,2.608684310068217e-05,15.226318107458804,5,NN,1,{'NN'},0,3.7501225267834,0.0007031479737718,0,1,0,0,1,0,1,0,1,0,1,1
strip,2,2.608684310068217e-05,15.226318107458804,5,NN,1,{'NN'},0,3.7501225267834,0.0009740577991645,0,0,0,0,0,1,0,1,0,0,-1,-1
clean,2,2.608684310068217e-05,15.226318107458804,5,NNP,1,{'NNP'},0,3.7501225267834,0.0005692150263867,0,0,0,0,1,0,1,0,0,1,1,1
dirty,2,2.608684310068217e-05,15.226318107458804,5,NN,2,"{'NN', 'NNP'}",0,2.1760912590556813,0.0009067046912732,0,0,1,0,0,1,0,0,0,0,-1,-1
revolution,2,2.608684310068217e-05,15.226318107458804,10,NN,2,"{'NNP', 'NN'}",0,3.7501225267834,0.0004825525310199,1,1,0,1,0,1,1,1,1,0,0,0
cradle,2,2.608684310068217e-05,15.226318107458804,6,NNP,1,{'NNP'},0,2.1760912590556813,0.0007253637530185,0,1,0,0,1,0,1,0,0,1,1,1
assessment,2,2.608684310068217e-05,15.226318107458804,10,NN,1,{'NN'},0,2.1760912590556813,0.0002133422802995,0,0,0,0,0,0,0,0,1,1,0,0
honest,2,2.608684310068217e-05,15.226318107458804,6,NN,2,"{'NNP', 'NN'}",0,3.7501225267834,0.001352207641869,1,0,1,1,1,0,1,1,0,1,1,1
authority,2,2.608684310068217e-05,15.226318107458804,9,NN,1,{'NN'},0,3.7501225267834,0.0006566038998579,0,0,0,0,0,0,1,0,0,1,1,1
diamond,2,2.608684310068217e-05,15.226318107458804,7,NN,2,"{'NN', 'NNP'}",0,3.7501225267834,0.0029167619652759,0,0,0,0,1,0,1,0,0,0,1,1
guardian,2,2.608684310068217e-05,15.226318107458804,8,NNP,1,{'NNP'},0,2.1760912590556813,0.0029014550120742,0,0,0,0,0,0,1,0,0,1,1,1
kindred,2,2.608684310068217e-05,15.226318107458804,7,NNP,1,{'NNP'},0,2.1760912590556813,0.0005689127474655,0,1,0,0,1,0,1,0,0,1,1,1
famine,2,2.608684310068217e-05,15.226318107458804,6,NNP,1,{'NNP'},0,2.1760912590556813,0.0009671516706914,0,0,0,0,0,1,0,1,0,0,-1,-1
victor,2,2.608684310068217e-05,15.226318107458804,6,NNP,1,{'NNP'},0,2.1760912590556813,0.0009671516706914,0,0,0,0,1,0,1,0,0,0,1,1
clearance,2,2.608684310068217e-05,15.226318107458804,9,NN,1,{'NN'},0,3.7501225267834,0.0007456383971382,0,0,0,0,0,0,1,0,0,1,1,1
verification,2,2.608684310068217e-05,15.226318107458804,12,NN,1,{'NN'},0,3.7501225267834,0.0008216863295035,0,0,0,0,0,0,1,0,0,1,1,1
warfare,2,2.608684310068217e-05,15.226318107458804,7,NN,2,"{'NN', 'NNP'}",0,3.7501225267834,0.0007481305040805,1,0,0,1,0,1,0,1,0,0,-1,-1
sludge,2,2.608684310068217e-05,15.226318107458804,6,NN,1,{'NN'},0,3.7501225267834,0.0008503679199055,0,0,1,0,0,1,0,0,0,0,-1,-1
sun,2,2.608684310068217e-05,15.226318107458804,3,NN,1,{'NN'},0,2.1760912590556813,0.0009067046912732,0,1,0,0,1,0,1,0,1,1,1,1
contamination,2,2.608684310068217e-05,15.226318107458804,13,NN,1,{'NN'},0,3.7501225267834,0.0008556827194049,0,0,1,0,0,1,0,0,0,0,-1,-1
fulfillment,2,2.608684310068217e-05,15.226318107458804,11,NN,1,{'NN'},0,3.7501225267834,0.002735938447213,0,1,0,0,1,0,1,0,0,1,1,1
gain,2,2.608684310068217e-05,15.226318107458804,4,NN,1,{'NN'},0,2.1760912590556813,0.0009067046912732,0,1,0,0,1,0,1,0,0,0,1,1
incursion,2,2.608684310068217e-05,15.226318107458804,9,NNP,1,{'NNP'},0,2.1760912590556813,0.0010362339328836,0,0,0,1,0,1,0,0,0,0,-1,-1
destination,2,2.608684310068217e-05,15.226318107458804,11,NN,1,{'NN'},0,3.7501225267834,0.0006022605738625,0,1,0,1,1,0,1,1,1,0,1,1
glide,2,2.608684310068217e-05,15.226318107458804,5,NNP,1,{'NNP'},0,2.1760912590556813,0.0010362339328836,0,1,0,0,1,0,1,0,0,0,1,1
sunset,2,2.608684310068217e-05,15.226318107458804,6,NN,1,{'NN'},0,2.1760912590556813,0.0010362339328836,0,1,0,0,0,0,1,0,0,0,1,1
unity,2,2.608684310068217e-05,15.226318107458804,5,NN,1,{'NN'},0,3.7501225267834,0.000359044232849,0,0,0,0,0,0,1,0,0,1,1,1
professor,2,2.608684310068217e-05,15.226318107458804,9,NN,2,"{'NN', 'NNP'}",0,3.7501225267834,0.000431561719352,0,0,0,0,0,0,1,0,0,1,1,1
celebration,2,2.608684310068217e-05,15.226318107458804,11,NNP,1,{'NNP'},0,3.7501225267834,0.0017984078155171,0,1,0,0,1,0,1,0,1,1,1,1
versus,2,2.608684310068217e-05,15.226318107458804,6,NN,1,{'NN'},0,3.7501225267834,0.0007523393958053,1,0,0,0,0,1,0,0,0,0,-1,-1
love,2,2.608684310068217e-05,15.226318107458804,4,NN,1,{'NN'},0,3.7501225267834,0.0009848806635996,0,0,0,0,1,0,1,0,0,0,1,1
create,2,2.608684310068217e-05,15.226318107458804,6,NN,2,"{'NN', 'NNP'}",0,3.7501225267834,0.0006717906567253,0,0,0,0,1,0,1,0,0,0,1,1
reliable,2,2.608684310068217e-05,15.226318107458804,8,NNP,1,{'NNP'},0,3.7501225267834,0.0006970147029482,0,0,0,0,0,0,1,0,0,1,1,1
penetration,2,2.608684310068217e-05,15.226318107458804,11,NN,1,{'NN'},0,3.7501225267834,0.0005744672988332,1,0,0,1,0,1,0,0,0,0,-1,-1
harmony,2,2.608684310068217e-05,15.226318107458804,7,NN,1,{'NN'},0,3.7501225267834,0.0003113847236124,0,0,0,0,1,0,1,0,0,1,1,1
vacation,2,2.608684310068217e-05,15.226318107458804,8,NN,1,{'NN'},0,3.7501225267834,0.0005576162580674,0,1,0,0,1,0,1,0,0,0,1,1
hazardous,2,2.608684310068217e-05,15.226318107458804,9,NNP,1,{'NNP'},0,3.7501225267834,0.0004634505163485,0,0,0,1,0,1,0,0,0,0,-1,-1
hope,2,2.608684310068217e-05,15.226318107458804,4,NN,1,{'NN'},0,3.7501225267834,0.0019696021674282,0,1,0,0,1,0,1,0,1,1,1,1
turbulence,2,2.608684310068217e-05,15.226318107458804,10,NN,1,{'NN'},0,3.7501225267834,0.0011012264562776,1,0,0,1,0,1,0,0,0,0,-1,-1
hit,2,2.608684310068217e-05,15.226318107458804,3,NN,2,"{'NN', 'NNP'}",0,3.7501225267834,0.0018830743457138,1,0,0,0,0,1,0,0,0,0,-1,-1
respects,2,2.608684310068217e-05,15.226318107458804,8,NNS,1,{'NNS'},0,3.7501225267834,0.0006468076253529,0,0,0,0,0,0,1,0,0,1,1,1
proficiency,1,1.3043421550341086e-05,16.226318107458805,11,NNP,1,{'NNP'},0,2.1760912590556813,0.0001066711401497,0,1,0,0,1,0,1,0,1,1,1,1
isolation,1,1.3043421550341086e-05,16.226318107458805,9,NN,1,{'NN'},0,2.1760912590556813,0.0020724678657673,0,0,0,0,0,1,0,1,0,0,-1,-1
dominion,1,1.3043421550341086e-05,16.226318107458805,8,NNP,1,{'NNP'},0,2.1760912590556813,0.0007635407926511,0,0,0,1,0,0,0,0,0,1,0,0
rejection,1,1.3043421550341086e-05,16.226318107458805,9,NNP,1,{'NNP'},0,2.1760912590556813,0.0020724678657673,1,0,1,1,0,1,0,1,0,0,-1,-1
wait,1,1.3043421550341086e-05,16.226318107458805,4,NNP,1,{'NNP'},0,2.1760912590556813,0.0020724678657673,0,1,0,0,0,1,0,0,0,0,-1,-1
predominant,1,1.3043421550341086e-05,16.226318107458805,11,NN,1,{'NN'},0,2.1760912590556813,0.0007635407926511,0,0,0,0,0,0,1,0,0,1,1,1
suppression,1,1.3043421550341086e-05,16.226318107458805,11,NNP,1,{'NNP'},0,2.1760912590556813,0.0016119194511523,1,0,1,1,0,1,0,0,0,0,-1,-1
pertinent,1,1.3043421550341086e-05,16.226318107458805,9,NN,1,{'NN'},0,2.1760912590556813,0.0002231888470826,0,0,0,0,0,0,1,0,0,1,1,1
opera,1,1.3043421550341086e-05,16.226318107458805,5,NNP,1,{'NNP'},0,2.1760912590556813,0.0004266845605991,1,1,0,1,1,0,1,1,1,1,1,1
real,1,1.3043421550341086e-05,16.226318107458805,4,NNP,1,{'NNP'},0,2.1760912590556813,0.0011159442354131,0,0,0,0,0,0,1,0,0,1,1,1
hanging,1,1.3043421550341086e-05,16.226318107458805,7,NN,1,{'NN'},0,2.1760912590556813,0.0004266845605991,1,0,1,1,0,1,0,1,0,0,-1,-1
pandemic,1,1.3043421550341086e-05,16.226318107458805,8,NNP,1,{'NNP'},0,2.1760912590556813,0.0010362339328836,0,0,0,1,0,1,0,1,0,0,-1,-1
present,1,1.3043421550341086e-05,16.226318107458805,7,NN,1,{'NN'},0,2.1760912590556813,0.0011159442354131,0,1,0,0,1,0,1,0,1,1,1,1
cop,1,1.3043421550341086e-05,16.226318107458805,3,NN,1,{'NN'},0,2.1760912590556813,0.0004266845605991,0,0,0,1,0,0,0,0,0,1,0,0
genuine,1,1.3043421550341086e-05,16.226318107458805,7,NNP,1,{'NNP'},0,2.1760912590556813,0.0001381645243844,0,0,0,0,0,0,1,0,0,1,1,1
bliss,1,1.3043421550341086e-05,16.226318107458805,5,NNP,1,{'NNP'},0,2.1760912590556813,0.0016119194511523,0,0,0,0,1,0,1,0,0,0,1,1
quiet,1,1.3043421550341086e-05,16.226318107458805,5,NNP,1,{'NNP'},0,2.1760912590556813,0.0002590584832209,0,0,0,0,0,0,1,1,0,0,1,1
tramp,1,1.3043421550341086e-05,16.226318107458805,5,NN,1,{'NN'},0,2.1760912590556813,0.000302234897091,0,0,1,1,0,1,0,1,0,0,-1,-1
doubt,1,1.3043421550341086e-05,16.226318107458805,5,NN,1,{'NN'},0,2.1760912590556813,0.0016119194511523,0,0,0,1,0,1,0,1,0,1,-1,-1
chairman,1,1.3043421550341086e-05,16.226318107458805,8,NN,1,{'NN'},0,2.1760912590556813,0.0005579721177065,0,0,0,0,0,0,1,0,0,1,1,1
hardship,1,1.3043421550341086e-05,16.226318107458805,8,NN,1,{'NN'},0,2.1760912590556813,0.0005579721177065,0,0,0,0,0,1,0,1,0,0,-1,-1
entertainment,1,1.3043421550341086e-05,16.226318107458805,13,NNP,1,{'NNP'},0,2.1760912590556813,0.0029014550120742,0,1,0,0,1,0,1,0,1,1,1,1
stint,1,1.3043421550341086e-05,16.226318107458805,5,NN,1,{'NN'},0,2.1760912590556813,0.0005579721177065,0,0,0,1,0,1,0,1,0,0,-1,-1
backwards,1,1.3043421550341086e-05,16.226318107458805,9,NNS,1,{'NNS'},0,2.1760912590556813,0.0003719814118043,0,0,1,0,0,1,0,0,0,0,-1,-1
feeling,1,1.3043421550341086e-05,16.226318107458805,7,NN,1,{'NN'},0,2.1760912590556813,0.0004533523456366,1,1,1,1,1,1,1,1,1,1,0,0
backbone,1,1.3043421550341086e-05,16.226318107458805,8,NN,1,{'NN'},0,2.1760912590556813,0.0003719814118043,1,0,0,0,0,0,1,0,0,1,1,1
disabled,1,1.3043421550341086e-05,16.226318107458805,8,NNP,1,{'NNP'},0,2.1760912590556813,0.0004835758353457,0,0,0,1,0,1,0,1,0,0,-1,-1
truth,1,1.3043421550341086e-05,16.226318107458805,5,NN,1,{'NN'},0,2.1760912590556813,0.0004533523456366,0,0,0,0,0,0,1,0,0,1,1,1
continue,1,1.3043421550341086e-05,16.226318107458805,8,NNP,1,{'NNP'},0,2.1760912590556813,0.0004533523456366,0,1,0,0,0,0,1,0,0,1,1,1
stroke,1,1.3043421550341086e-05,16.226318107458805,6,NN,1,{'NN'},0,2.1760912590556813,0.0005579721177065,0,0,0,1,0,1,0,1,0,0,-1,-1
liberty,1,1.3043421550341086e-05,16.226318107458805,7,NNP,1,{'NNP'},0,2.1760912590556813,0.0005002508641507,0,1,0,0,1,0,1,0,1,1,1,1
rotting,1,1.3043421550341086e-05,16.226318107458805,7,NN,1,{'NN'},0,2.1760912590556813,0.0004533523456366,0,0,1,0,0,1,0,0,0,0,-1,-1
ceremony,1,1.3043421550341086e-05,16.226318107458805,8,NN,1,{'NN'},0,2.1760912590556813,0.0001706738242396,0,0,0,0,1,0,1,0,1,0,1,1
diligence,1,1.3043421550341086e-05,16.226318107458805,9,NN,1,{'NN'},0,2.1760912590556813,0.0001706738242396,0,0,0,0,0,0,1,0,0,1,1,1
young,1,1.3043421550341086e-05,16.226318107458805,5,NNP,1,{'NNP'},0,2.1760912590556813,0.0001706738242396,0,1,0,0,1,0,1,0,1,0,1,1
delegate,1,1.3043421550341086e-05,16.226318107458805,8,NN,1,{'NN'},0,2.1760912590556813,0.0005579721177065,0,0,0,0,0,0,1,0,0,1,1,1
score,1,1.3043421550341086e-05,16.226318107458805,5,NN,1,{'NN'},0,2.1760912590556813,0.0001706738242396,0,1,0,0,1,0,1,0,1,0,1,1
badger,1,1.3043421550341086e-05,16.226318107458805,6,NNP,1,{'NNP'},0,2.1760912590556813,0.0005579721177065,1,0,0,0,0,1,0,0,0,0,-1,-1
star,1,1.3043421550341086e-05,16.226318107458805,4,NNP,1,{'NNP'},0,2.1760912590556813,0.0004533523456366,0,1,0,0,1,0,1,0,0,1,1,1
associate,1,1.3043421550341086e-05,16.226318107458805,9,NNP,1,{'NNP'},0,2.1760912590556813,0.0005579721177065,0,0,0,0,0,0,1,0,0,1,1,1
renovate,1,1.3043421550341086e-05,16.226318107458805,8,NNP,1,{'NNP'},0,2.1760912590556813,0.0004533523456366,0,1,0,0,0,0,1,0,0,0,1,1
remove,1,1.3043421550341086e-05,16.226318107458805,6,NNP,1,{'NNP'},0,2.1760912590556813,0.0003086654268164,1,0,0,1,0,1,0,1,0,0,-1,-1
physician,1,1.3043421550341086e-05,16.226318107458805,9,NN,1,{'NN'},0,2.1760912590556813,0.0003086654268164,0,0,0,0,0,0,1,0,0,1,1,1
diagnosis,1,1.3043421550341086e-05,16.226318107458805,9,NN,1,{'NN'},0,2.1760912590556813,0.0003086654268164,0,1,0,1,0,1,0,0,0,1,-1,-1
responsible,1,1.3043421550341086e-05,16.226318107458805,11,NNP,1,{'NNP'},0,2.1760912590556813,0.0003086654268164,0,0,0,0,0,0,1,0,0,1,1,1
mess,1,1.3043421550341086e-05,16.226318107458805,4,NN,1,{'NN'},0,2.1760912590556813,0.0012089395883642,0,0,1,0,0,1,0,0,0,0,-1,-1
brilliant,1,1.3043421550341086e-05,16.226318107458805,9,NN,1,{'NN'},0,2.1760912590556813,0.0012089395883642,0,1,0,0,1,0,1,0,0,1,1,1
swim,1,1.3043421550341086e-05,16.226318107458805,4,NNP,1,{'NNP'},0,2.1760912590556813,0.0020724678657673,0,1,0,1,1,0,1,0,0,0,1,1
foe,1,1.3043421550341086e-05,16.226318107458805,3,NN,1,{'NN'},0,2.1760912590556813,0.0001066711401497,1,0,0,1,0,1,0,0,0,0,-1,-1
friend,1,1.3043421550341086e-05,16.226318107458805,6,NN,1,{'NN'},0,2.1760912590556813,0.0001066711401497,0,0,0,0,1,0,1,0,0,1,1,1
primer,1,1.3043421550341086e-05,16.226318107458805,6,NN,1,{'NN'},0,2.1760912590556813,0.0012089395883642,0,0,0,0,0,0,1,0,0,1,1,1
advocacy,1,1.3043421550341086e-05,16.226318107458805,8,NN,1,{'NN'},0,2.1760912590556813,0.0001066711401497,1,1,0,0,1,0,1,0,0,1,1,1
adventure,1,1.3043421550341086e-05,16.226318107458805,9,NN,1,{'NN'},0,2.1760912590556813,0.0003086654268164,0,1,0,0,0,0,1,0,0,0,1,1
contributor,1,1.3043421550341086e-05,16.226318107458805,11,NN,1,{'NN'},0,2.1760912590556813,0.0001066711401497,0,0,0,0,0,0,1,0,0,1,1,1
bad,1,1.3043421550341086e-05,16.226318107458805,3,NNP,1,{'NNP'},0,2.1760912590556813,0.0001066711401497,1,0,1,1,0,1,0,1,0,0,-1,-1
cancel,1,1.3043421550341086e-05,16.226318107458805,6,NN,1,{'NN'},0,2.1760912590556813,0.0003086654268164,0,0,0,0,0,1,0,1,0,0,-1,-1
govern,1,1.3043421550341086e-05,16.226318107458805,6,NNP,1,{'NNP'},0,2.1760912590556813,0.0003086654268164,0,0,0,0,0,0,1,0,0,1,1,1
spa,1,1.3043421550341086e-05,16.226318107458805,3,NNP,1,{'NNP'},0,2.1760912590556813,0.0001169941537126,0,1,0,0,1,0,1,0,1,1,1,1
horror,1,1.3043421550341086e-05,16.226318107458805,6,NN,1,{'NN'},0,2.1760912590556813,0.0004533523456366,1,0,1,1,0,1,0,1,1,0,-1,-1
birthday,1,1.3043421550341086e-05,16.226318107458805,8,NN,1,{'NN'},0,2.1760912590556813,0.0011159442354131,0,1,0,0,1,0,1,0,1,0,1,1
neutral,1,1.3043421550341086e-05,16.226318107458805,7,NNP,1,{'NNP'},0,2.1760912590556813,0.0011159442354131,0,1,0,0,0,0,0,0,0,1,0,0
feat,1,1.3043421550341086e-05,16.226318107458805,4,NN,1,{'NN'},0,2.1760912590556813,0.0011159442354131,0,1,0,0,1,0,1,0,1,0,1,1
ribbon,1,1.3043421550341086e-05,16.226318107458805,6,NN,1,{'NN'},0,2.1760912590556813,0.0001813409382546,1,1,0,0,1,0,1,0,0,0,1,1
elevation,1,1.3043421550341086e-05,16.226318107458805,9,NN,1,{'NN'},0,2.1760912590556813,0.0004533523456366,0,1,0,1,1,0,1,0,0,1,1,1
accident,1,1.3043421550341086e-05,16.226318107458805,8,NN,1,{'NN'},0,2.1760912590556813,0.0002417879176728,0,0,0,1,0,1,0,1,1,0,-1,-1
wages,1,1.3043421550341086e-05,16.226318107458805,5,NNS,1,{'NNS'},0,2.1760912590556813,0.0003626818765092,0,0,0,0,1,0,1,0,0,0,1,1
perfection,1,1.3043421550341086e-05,16.226318107458805,10,NNP,1,{'NNP'},0,2.1760912590556813,0.0005579721177065,0,1,0,0,1,0,1,0,1,1,1,1
intelligence,1,1.3043421550341086e-05,16.226318107458805,12,NNP,1,{'NNP'},0,2.1760912590556813,0.0005181169664418,0,0,0,1,1,0,1,0,0,1,1,1
tragedy,1,1.3043421550341086e-05,16.226318107458805,7,NN,1,{'NN'},0,2.1760912590556813,0.0005181169664418,0,0,0,1,0,1,0,1,0,0,-1,-1
ordnance,1,1.3043421550341086e-05,16.226318107458805,8,NNP,1,{'NNP'},0,2.1760912590556813,0.0005579721177065,0,0,0,1,0,1,0,0,0,0,-1,-1
important,1,1.3043421550341086e-05,16.226318107458805,9,NN,1,{'NN'},0,2.1760912590556813,0.0004835758353457,0,0,0,0,0,0,1,0,0,1,1,1
discipline,1,1.3043421550341086e-05,16.226318107458805,10,NN,1,{'NN'},0,2.1760912590556813,0.0005181169664418,0,0,0,1,0,1,0,0,0,0,-1,-1
difficulties,1,1.3043421550341086e-05,16.226318107458805,12,NNS,1,{'NNS'},0,2.1760912590556813,0.0002133422802995,0,0,0,0,0,1,0,1,0,0,-1,-1
elders,1,1.3043421550341086e-05,16.226318107458805,6,NNPS,1,{'NNPS'},0,2.1760912590556813,0.0002133422802995,0,0,0,0,0,0,1,0,0,1,1,1
gratitude,1,1.3043421550341086e-05,16.226318107458805,9,NN,1,{'NN'},0,2.1760912590556813,0.0002133422802995,0,0,0,0,1,0,1,0,0,0,1,1
sorrow,1,1.3043421550341086e-05,16.226318107458805,6,NN,1,{'NN'},0,2.1760912590556813,0.0002133422802995,0,0,0,1,0,1,0,1,0,0,-1,-1
desert,1,1.3043421550341086e-05,16.226318107458805,6,NNP,1,{'NNP'},0,2.1760912590556813,0.0016119194511523,1,0,1,1,0,1,0,1,0,0,-1,-1
excavation,1,1.3043421550341086e-05,16.226318107458805,10,NN,1,{'NN'},0,2.1760912590556813,0.0002133422802995,0,1,0,0,0,1,0,0,1,0,-1,-1
disease,1,1.3043421550341086e-05,16.226318107458805,7,NNP,1,{'NNP'},0,2.1760912590556813,0.0002133422802995,1,0,1,1,0,1,0,1,0,0,-1,-1
cap,1,1.3043421550341086e-05,16.226318107458805,3,NNP,1,{'NNP'},0,2.1760912590556813,0.0002133422802995,0,1,0,0,0,0,0,0,0,1,0,0
treasure,1,1.3043421550341086e-05,16.226318107458805,8,NN,1,{'NN'},0,2.1760912590556813,0.0018134093825464,0,1,0,0,1,0,1,0,0,1,1,1
skid,1,1.3043421550341086e-05,16.226318107458805,4,NN,1,{'NN'},0,2.1760912590556813,0.0002133422802995,1,0,0,1,0,1,0,1,0,0,-1,-1
dirt,1,1.3043421550341086e-05,16.226318107458805,4,NN,1,{'NN'},0,2.1760912590556813,0.0002133422802995,0,0,1,0,0,1,0,0,0,0,-1,-1
disruption,1,1.3043421550341086e-05,16.226318107458805,10,NN,1,{'NN'},0,2.1760912590556813,0.0002133422802995,1,0,0,1,0,1,0,0,1,0,-1,-1
strike,1,1.3043421550341086e-05,16.226318107458805,6,NNP,1,{'NNP'},0,2.1760912590556813,0.0002133422802995,1,0,0,0,0,1,0,0,0,0,-1,-1
grow,1,1.3043421550341086e-05,16.226318107458805,4,NN,1,{'NN'},0,2.1760912590556813,0.0016119194511523,0,1,0,0,1,0,1,0,0,1,1,1
pedigree,1,1.3043421550341086e-05,16.226318107458805,8,NN,1,{'NN'},0,2.1760912590556813,0.0001706738242396,0,0,0,0,0,0,1,0,0,1,1,1
dignity,1,1.3043421550341086e-05,16.226318107458805,7,NN,1,{'NN'},0,2.1760912590556813,0.0001706738242396,0,0,0,0,0,0,1,0,0,1,1,1
dismissal,1,1.3043421550341086e-05,16.226318107458805,9,NN,1,{'NN'},0,2.1760912590556813,0.0003086654268164,1,0,1,1,0,1,0,1,1,0,-1,-1
examination,1,1.3043421550341086e-05,16.226318107458805,11,NN,1,{'NN'},0,2.1760912590556813,0.0003086654268164,0,0,0,1,0,1,0,0,1,0,-1,-1
effective,1,1.3043421550341086e-05,16.226318107458805,9,NNP,1,{'NNP'},0,2.1760912590556813,0.0003086654268164,0,0,0,0,0,0,1,0,0,1,1,1
viper,1,1.3043421550341086e-05,16.226318107458805,5,NNP,1,{'NNP'},0,2.1760912590556813,0.0001706738242396,0,0,0,1,0,1,0,0,0,0,-1,-1
bedrock,1,1.3043421550341086e-05,16.226318107458805,7,NN,1,{'NN'},0,2.1760912590556813,0.0004533523456366,0,0,0,0,0,0,1,0,0,1,1,1
independence,1,1.3043421550341086e-05,16.226318107458805,12,NN,1,{'NN'},0,2.1760912590556813,0.0004396143957688,0,1,0,0,1,0,1,0,1,1,1,1
rue,1,1.3043421550341086e-05,16.226318107458805,3,NNP,1,{'NNP'},0,2.1760912590556813,0.0004396143957688,0,0,0,0,0,1,0,1,0,0,-1,-1
harm,1,1.3043421550341086e-05,16.226318107458805,4,NN,1,{'NN'},0,2.1760912590556813,0.0003153755447906,0,0,0,1,0,1,0,0,0,0,-1,-1
misconduct,1,1.3043421550341086e-05,16.226318107458805,10,NN,1,{'NN'},0,2.1760912590556813,0.0003153755447906,0,0,1,0,0,1,0,0,0,0,-1,-1
lucky,1,1.3043421550341086e-05,16.226318107458805,5,NN,1,{'NN'},0,2.1760912590556813,0.0004533523456366,0,0,0,0,1,0,1,0,1,0,1,1
proctor,1,1.3043421550341086e-05,16.226318107458805,7,NNP,1,{'NNP'},0,2.1760912590556813,0.0004835758353457,0,0,0,0,0,0,1,0,0,1,1,1
artillery,1,1.3043421550341086e-05,16.226318107458805,9,NN,1,{'NN'},0,2.1760912590556813,0.0002844563737327,0,0,0,1,0,1,0,0,0,0,-1,-1
buzz,1,1.3043421550341086e-05,16.226318107458805,4,NNP,1,{'NNP'},0,2.1760912590556813,0.0004835758353457,0,1,0,1,0,0,1,0,0,0,1,1
jump,1,1.3043421550341086e-05,16.226318107458805,4,NNP,1,{'NNP'},0,2.1760912590556813,0.0004835758353457,0,0,0,0,1,0,1,0,0,0,1,1
carol,1,1.3043421550341086e-05,16.226318107458805,5,NNP,1,{'NNP'},0,2.1760912590556813,0.0004835758353457,0,0,0,0,1,0,1,0,0,1,1,1
communion,1,1.3043421550341086e-05,16.226318107458805,9,NNP,1,{'NNP'},0,2.1760912590556813,0.0004835758353457,0,0,0,0,1,0,1,0,0,1,1,1
leave,1,1.3043421550341086e-05,16.226318107458805,5,NNP,1,{'NNP'},0,2.1760912590556813,0.0002844563737327,0,0,0,0,0,1,0,1,1,0,-1,-1
loyal,1,1.3043421550341086e-05,16.226318107458805,5,NN,1,{'NN'},0,2.1760912590556813,0.0004835758353457,0,0,0,1,1,0,1,0,1,1,1,1
fraud,1,1.3043421550341086e-05,16.226318107458805,5,NN,1,{'NN'},0,2.1760912590556813,0.0004835758353457,1,0,0,0,0,1,0,0,0,0,-1,-1
assist,1,1.3043421550341086e-05,16.226318107458805,6,NN,1,{'NN'},0,2.1760912590556813,0.0004835758353457,0,0,0,0,0,0,1,0,0,1,1,1
deserve,1,1.3043421550341086e-05,16.226318107458805,7,NNP,1,{'NNP'},0,2.1760912590556813,0.0004835758353457,1,1,0,0,0,0,1,0,0,1,1,1
bug,1,1.3043421550341086e-05,16.226318107458805,3,NN,1,{'NN'},0,2.1760912590556813,0.0002844563737327,0,0,1,1,0,1,0,0,0,0,-1,-1
reassurance,1,1.3043421550341086e-05,16.226318107458805,11,NN,1,{'NN'},0,2.1760912590556813,0.0004266845605991,0,0,0,0,0,0,1,0,0,1,1,1
absence,1,1.3043421550341086e-05,16.226318107458805,7,NN,1,{'NN'},0,2.1760912590556813,0.0024178791767285,0,0,0,1,0,1,0,1,0,0,-1,-1
toxic,1,1.3043421550341086e-05,16.226318107458805,5,NN,1,{'NN'},0,2.1760912590556813,0.0006594215936532,0,0,1,0,0,1,0,0,0,0,-1,-1
hungry,1,1.3043421550341086e-05,16.226318107458805,6,NNP,1,{'NNP'},0,2.1760912590556813,0.0004835758353457,0,1,0,0,0,1,0,0,0,0,-1,-1
escape,1,1.3043421550341086e-05,16.226318107458805,6,NNP,1,{'NNP'},0,2.1760912590556813,0.0004835758353457,0,1,0,1,0,1,1,0,0,0,0,0
solidity,1,1.3043421550341086e-05,16.226318107458805,8,NN,1,{'NN'},0,2.1760912590556813,0.0004679766148506,0,0,0,0,0,0,1,0,0,1,1,1
attack,1,1.3043421550341086e-05,16.226318107458805,6,NN,1,{'NN'},0,2.1760912590556813,0.0001480334189833,1,0,0,1,0,1,0,0,0,0,-1,-1
attorney,1,1.3043421550341086e-05,16.226318107458805,8,NN,1,{'NN'},0,2.1760912590556813,0.0008059597255761,1,0,0,1,0,0,1,0,0,1,1,1
destroyer,1,1.3043421550341086e-05,16.226318107458805,9,NNP,1,{'NNP'},0,2.1760912590556813,0.0002637686374612,1,0,0,1,0,1,0,0,0,0,-1,-1
helpful,1,1.3043421550341086e-05,16.226318107458805,7,NNP,1,{'NNP'},0,2.1760912590556813,0.0007253637530185,0,0,0,0,1,0,1,0,0,1,1,1
established,1,1.3043421550341086e-05,16.226318107458805,11,NNP,1,{'NNP'},0,2.1760912590556813,0.0002637686374612,0,0,0,0,1,0,1,0,0,0,1,1
equality,1,1.3043421550341086e-05,16.226318107458805,8,NN,1,{'NN'},0,2.1760912590556813,0.0001480334189833,0,0,0,0,1,0,1,0,0,1,1,1
testament,1,1.3043421550341086e-05,16.226318107458805,9,NN,1,{'NN'},0,2.1760912590556813,0.0001480334189833,0,1,0,0,0,0,0,0,0,1,0,0
discoloration,1,1.3043421550341086e-05,16.226318107458805,13,NN,1,{'NN'},0,2.1760912590556813,0.0006908226219224,0,0,1,0,0,1,0,0,0,0,-1,-1
council,1,1.3043421550341086e-05,16.226318107458805,7,NNP,1,{'NNP'},0,2.1760912590556813,0.0005579721177065,0,1,0,0,0,0,1,0,0,1,1,1
turbulent,1,1.3043421550341086e-05,16.226318107458805,9,NN,1,{'NN'},0,2.1760912590556813,0.0003920885151451,0,0,0,1,0,1,0,0,0,0,-1,-1
teacher,1,1.3043421550341086e-05,16.226318107458805,7,NN,1,{'NN'},0,2.1760912590556813,0.0005802910024148,0,0,0,0,0,0,1,0,0,1,1,1
savage,1,1.3043421550341086e-05,16.226318107458805,6,NNP,1,{'NNP'},0,2.1760912590556813,0.0005579721177065,1,0,0,1,0,1,0,0,0,0,-1,-1
foresight,1,1.3043421550341086e-05,16.226318107458805,9,NN,1,{'NN'},0,2.1760912590556813,0.0003920885151451,0,1,0,0,0,0,1,0,0,1,1,1
nurse,1,1.3043421550341086e-05,16.226318107458805,5,NNP,1,{'NNP'},0,2.1760912590556813,0.0002737221709504,0,0,0,0,0,0,1,0,0,1,1,1
shortage,1,1.3043421550341086e-05,16.226318107458805,8,NN,1,{'NN'},0,2.1760912590556813,0.0002737221709504,1,0,0,1,0,1,0,1,0,0,-1,-1
income,1,1.3043421550341086e-05,16.226318107458805,6,NN,1,{'NN'},0,2.1760912590556813,0.0002737221709504,0,1,0,0,1,1,1,1,0,1,0,0
thanksgiving,1,1.3043421550341086e-05,16.226318107458805,12,NNP,1,{'NNP'},0,2.1760912590556813,0.0002737221709504,0,0,0,0,1,0,1,0,0,0,1,1
dance,1,1.3043421550341086e-05,16.226318107458805,5,NN,1,{'NN'},0,2.1760912590556813,0.0002737221709504,0,0,0,0,1,0,1,0,0,1,1,1
fall,1,1.3043421550341086e-05,16.226318107458805,4,NN,1,{'NN'},0,2.1760912590556813,0.0002737221709504,0,0,0,0,0,1,0,1,0,0,-1,-1
ambassador,1,1.3043421550341086e-05,16.226318107458805,10,NN,1,{'NN'},0,2.1760912590556813,0.0002737221709504,0,0,0,0,0,0,1,0,0,1,1,1
battle,1,1.3043421550341086e-05,16.226318107458805,6,NNP,1,{'NNP'},0,2.1760912590556813,0.0006594215936532,1,0,0,0,0,1,0,0,0,0,-1,-1
recreational,1,1.3043421550341086e-05,16.226318107458805,12,NNP,1,{'NNP'},0,2.1760912590556813,0.0006594215936532,0,1,0,0,1,0,1,0,0,0,1,1
hardened,1,1.3043421550341086e-05,16.226318107458805,8,NNP,1,{'NNP'},0,2.1760912590556813,0.0004144935731534,1,0,1,1,0,1,0,0,0,0,-1,-1
accord,1,1.3043421550341086e-05,16.226318107458805,6,NNP,1,{'NNP'},0,2.1760912590556813,0.0006594215936532,0,0,0,0,0,0,1,0,0,1,1,1
glare,1,1.3043421550341086e-05,16.226318107458805,5,NN,1,{'NN'},0,2.1760912590556813,0.0004679766148506,1,0,0,1,0,1,0,0,0,0,-1,-1
corrosive,1,1.3043421550341086e-05,16.226318107458805,9,NN,1,{'NN'},0,2.1760912590556813,0.0020724678657673,0,0,0,1,0,1,0,0,0,0,-1,-1
illumination,1,1.3043421550341086e-05,16.226318107458805,12,NNP,1,{'NNP'},0,2.1760912590556813,0.0002072467865767,0,0,0,0,1,0,1,0,1,1,1,1
true,1,1.3043421550341086e-05,16.226318107458805,4,NNP,1,{'NNP'},0,2.1760912590556813,0.0002072467865767,0,0,0,0,1,0,1,0,0,1,1,1
proficient,1,1.3043421550341086e-05,16.226318107458805,10,NN,1,{'NN'},0,2.1760912590556813,0.0004533523456366,0,0,0,0,0,0,1,0,0,1,1,1
obscene,1,1.3043421550341086e-05,16.226318107458805,7,NN,1,{'NN'},0,2.1760912590556813,0.0002901455012074,0,0,1,0,0,1,0,0,0,0,-1,-1
defamatory,1,1.3043421550341086e-05,16.226318107458805,10,NN,1,{'NN'},0,2.1760912590556813,0.0002901455012074,1,0,0,0,0,1,0,0,0,0,-1,-1
hire,1,1.3043421550341086e-05,16.226318107458805,4,NN,1,{'NN'},0,2.1760912590556813,0.0004396143957688,0,1,0,0,1,0,1,0,0,1,1,1
sentinel,1,1.3043421550341086e-05,16.226318107458805,8,NNP,1,{'NNP'},0,2.1760912590556813,0.0001706738242396,0,0,0,0,0,0,1,0,0,1,1,1
fight,1,1.3043421550341086e-05,16.226318107458805,5,NN,1,{'NN'},0,2.1760912590556813,0.0001706738242396,1,0,0,1,0,1,0,0,0,0,-1,-1
fear,1,1.3043421550341086e-05,16.226318107458805,4,NN,1,{'NN'},0,2.1760912590556813,0.0001706738242396,1,0,0,1,0,1,0,0,0,0,-1,-1
abuse,1,1.3043421550341086e-05,16.226318107458805,5,NN,1,{'NN'},0,2.1760912590556813,0.0001706738242396,1,0,1,1,0,1,0,1,0,0,-1,-1
bacteria,1,1.3043421550341086e-05,16.226318107458805,8,NNS,1,{'NNS'},0,2.1760912590556813,0.0002417879176728,0,0,1,1,0,1,0,1,0,0,-1,-1
lowest,1,1.3043421550341086e-05,16.226318107458805,6,NNP,1,{'NNP'},0,2.1760912590556813,0.0004835758353457,0,0,0,0,0,1,0,1,0,0,-1,-1
battlefield,1,1.3043421550341086e-05,16.226318107458805,11,NN,1,{'NN'},0,2.1760912590556813,0.0004835758353457,0,0,0,1,0,1,0,0,0,0,-1,-1
hunter,1,1.3043421550341086e-05,16.226318107458805,6,NNP,1,{'NNP'},0,2.1760912590556813,0.0004835758353457,0,1,0,1,0,1,0,1,0,0,-1,-1
humanity,1,1.3043421550341086e-05,16.226318107458805,8,NNP,1,{'NNP'},0,2.1760912590556813,0.0002737221709504,0,0,0,0,1,0,1,0,0,1,1,1
faculty,1,1.3043421550341086e-05,16.226318107458805,7,NN,1,{'NN'},0,2.1760912590556813,0.000337378489776,0,0,0,0,0,0,1,0,0,1,1,1
guard,1,1.3043421550341086e-05,16.226318107458805,5,NNP,1,{'NNP'},0,2.1760912590556813,0.000337378489776,0,0,0,1,0,0,1,0,0,1,1,1
larger,1,1.3043421550341086e-05,16.226318107458805,6,NNP,1,{'NNP'},0,2.1760912590556813,0.0005802910024148,0,0,1,0,0,0,0,0,1,1,0,0
discrimination,1,1.3043421550341086e-05,16.226318107458805,14,NNP,1,{'NNP'},0,2.1760912590556813,0.0002737221709504,1,0,1,1,0,1,0,1,0,0,-1,-1
illegal,1,1.3043421550341086e-05,16.226318107458805,7,NNP,1,{'NNP'},0,2.1760912590556813,0.0002737221709504,1,0,1,1,0,1,0,1,0,0,-1,-1
plunge,1,1.3043421550341086e-05,16.226318107458805,6,NN,1,{'NN'},0,2.1760912590556813,0.0004533523456366,0,0,0,1,0,1,0,0,0,0,-1,-1
